1	50	0	52	0	1	0	45	45	35	30	55	55	55	earth	60	1		0
2	90	105	90	0	2	0	20	20	20	0	15	-15	15	air	50	1	undead,spectral	0
8	105	1	105	0	1	0	20	20	20	0	20	20	20	-	0	1	demon	0
10	30	1	60	0	1	0	20	20	20	0	20	20	20	-	0	0		0
11	105	1	105	0	1	0	20	20	20	0	20	20	20	-	0	1	demon	0
26	10	1	22	0	1	0	0	0	0	0	0	0	0	fire	50	1	undead	0
27	10	1	22	0	1	0	0	0	0	0	0	0	0	fire	50	1	undead	0
28	10	1	22	0	1	0	0	0	0	0	0	0	0	fire	50	1	undead	0
29	10	1	22	0	1	0	0	0	0	0	0	0	0	fire	50	1	undead	0
30	10	1	22	0	1	0	0	0	0	0	0	0	0	fire	50	1	undead	0
31	10	1	22	0	1	0	0	0	0	0	0	0	0	fire	50	1	undead	0
32	10	1	22	0	1	0	0	0	0	0	0	0	0	fire	50	1	undead	0
34	10	1	22	0	1	0	0	0	0	0	0	0	0	fire	50	1	undead	0
37	10	1	22	0	1	0	0	0	0	0	0	0	0	fire	50	1	undead	0
38	10	1	22	0	1	0	0	0	0	0	0	0	0	fire	50	1	undead	0
39	10	1	22	0	1	0	0	0	0	0	0	0	0	fire	50	1	undead	0
40	10	1	22	0	1	0	0	0	0	0	0	0	0	fire	50	1	undead	0
41	10	1	22	0	1	0	0	0	0	0	0	0	0	fire	50	1	undead	0
42	18	1	24	0	1	0	0	0	0	0	0	0	0	fire	50	1	undead	0
43	18	1	24	0	1	0	0	0	0	0	0	0	0	fire	50	1	undead	0
44	18	1	24	0	1	0	0	0	0	0	0	0	0	fire	50	1	undead	0
45	18	1	24	0	1	0	0	0	0	0	0	0	0	fire	50	1	undead	0
46	18	1	24	0	1	0	0	0	0	0	0	0	0	fire	50	1	undead	0
47	18	1	24	0	1	0	0	0	0	0	0	0	0	fire	50	1	undead	0
48	18	1	24	0	1	0	0	0	0	0	0	0	0	fire	50	1	undead	0
49	16	1	30	0	1	0	9	8	12	10	11	11	11	fire	50	1	undead	0
50	16	1	30	0	1	0	9	8	12	10	11	11	11	fire	50	1	undead	0
51	16	1	30	0	1	0	9	8	12	10	11	11	11	fire	50	1	undead	0
52	16	1	30	0	1	0	9	8	12	10	11	11	11	fire	50	1	undead	0
54	16	1	30	0	1	0	9	8	12	10	11	11	11	fire	50	1	undead	0
55	16	1	30	0	1	0	9	8	12	10	11	11	11	fire	50	1	undead	0
56	16	1	30	0	1	0	9	8	12	10	11	11	11	fire	50	1	undead	0
57	16	1	30	0	1	0	9	8	12	10	11	11	11	fire	50	1	undead	0
58	16	1	30	0	1	0	9	8	12	10	11	11	11	fire	50	1	undead	0
59	16	1	30	0	1	0	9	8	12	10	11	11	11	fire	50	1	undead	0
60	16	1	30	0	1	0	9	8	12	10	11	11	11	fire	50	1	undead	0
61	16	1	30	0	1	0	9	8	12	10	11	11	11	fire	50	1	undead	0
62	16	1	30	0	1	0	9	8	12	10	11	11	11	fire	50	1	undead	0
63	16	1	30	0	1	0	9	8	12	10	11	11	11	fire	50	1	undead	0
64	21	1	30	0	1	0	10	8	12	10	10	10	10	fire	50	1	undead	0
65	21	1	30	0	1	0	10	8	12	10	10	10	10	fire	50	1	undead	0
66	21	1	30	0	1	0	10	8	12	10	10	10	10	fire	50	1	undead	0
67	21	1	30	0	1	0	10	8	12	10	10	10	10	fire	50	1	undead	0
68	21	1	30	0	1	0	10	8	12	10	10	10	10	fire	50	1	undead	0
69	10	1	22	0	1	0	0	0	0	0	0	0	0	fire	50	1	undead	0
70	17	1	29	0	1	0	5	5	-5	0	5	5	5	earth	35	1	undead	0
71	17	1	29	0	1	0	5	5	-5	0	5	5	5	earth	35	1	undead	0
72	17	1	29	0	1	0	5	5	-5	0	5	5	5	earth	35	1	undead	0
73	17	1	29	0	1	0	5	5	-5	0	5	5	5	earth	35	1	undead	0
74	17	1	24	0	1	0	5	5	-5	0	5	5	5	earth	35	1	undead	0
75	17	1	24	0	1	0	5	5	-5	0	5	5	5	earth	35	1	undead	0
76	17	1	24	0	1	0	5	5	-5	0	5	5	5	earth	35	1	undead	0
77	24	1	17	0	1	0	9	11	-2	1	4	4	4	earth	35	1	undead	0
78	24	1	17	0	1	0	9	11	-2	1	4	4	4	earth	35	1	undead	0
79	24	1	17	0	1	0	9	11	-2	1	4	4	4	earth	35	1	undead	0
80	24	1	17	0	1	0	9	11	-2	1	4	4	4	earth	35	1	undead	0
81	24	1	17	0	1	0	9	11	-2	1	4	4	4	earth	35	1	undead	0
82	36	1	59	0	1	0	9	11	-2	1	4	4	4	earth	35	1	undead	0
83	36	1	59	0	1	0	9	11	-2	1	4	4	4	earth	35	1	undead	0
84	14	18	17	0	1	0	0	0	0	0	0	0	0	earth	35	1	undead	0
85	18	1	25	0	1	0	5	5	5	-5	5	5	5	air	50	1	undead,spectral	0
100	1	1	50	0	1	0	0	0	0	0	0	0	0	earth	20	1		0
101	1	1	50	0	1	0	0	0	0	0	0	0	0	earth	20	1		0
104	102	1	116	0	2	0	0	0	0	0	0	0	0	water	50	1	demon	0
106	52	1	69	0	2	0	0	0	0	0	0	0	0	fire	25	1		0
107	22	1	34	0	2	0	0	0	0	0	0	0	0	fire	25	1		0
108	32	1	44	0	2	0	0	0	0	0	0	0	0	fire	25	1		0
109	62	1	74	0	2	0	0	0	0	0	0	0	0	fire	20	1		0
110	22	1	34	0	2	0	0	0	0	0	0	0	0	fire	25	1		0
112	54	1	62	0	1	0	0	0	0	0	0	0	0	-	0	1		0
113	54	1	62	0	1	0	0	0	0	0	0	0	0	-	0	1		0
114	37	1	49	0	1	0	0	0	0	0	0	0	0	-	0	1		0
115	62	1	74	0	2	0	0	0	0	0	0	0	0	fire	20	1		0
130	17	1	29	0	1	0	9	11	-2	1	4	4	4	air	35	0		0
131	37	1	49	0	1	0	0	0	0	0	0	0	0	-	0	0		0
132	43	1	62	0	1	0	1	1	0	0	0	0	0	-	0	0		0
133	50	0	120	0	1	0	25	25	40	200	200	200	200	-	0	0		0
134	69	1	90	0	2	0	0	0	0	0	0	0	0	-	0	0		0
135	102	1	116	0	2	0	0	0	0	0	0	0	0	water	50	0		0
136	43	1	60	0	2	0	0	0	0	0	0	0	0	earth	20	1		0
137	55	1	65	0	2	0	30	50	50	40	30	30	30	water	50	0	dragon	0
138	70	1	90	0	3	0	25	25	5	50	50	50	50	-	0	0		0
139	215	100	210	0	3	0	20	70	70	30	90	90	65	earth	50	0		0
140	98	1	142	0	3	0	50	50	50	50	50	50	50	earth	35	0		0
141	90	90	60	0	3	0	0	0	0	0	0	0	0	-	0	0		0
142	71	1	79	0	2	0	0	0	0	-10	0	0	0	-	0	0		0
143	80	1	100	0	2	0	0	0	0	0	0	0	0	-	0	0		0
232	52	1	69	0	2	0	0	0	0	0	0	0	0	fire	15	1		0
239	240	240	240	0	5	0	40	90	90	80	70	70	40	water	50	1	dragon,fiery	0
240	152	1	157	0	3	0	0	0	0	-10	0	0	0	water	40	1	demon	0
241	40	1	50	0	2	0	0	50	50	40	30	30	5	water	50	1	dragon	0
242	40	1	50	0	2	0	0	50	50	40	30	30	5	water	50	1	dragon	0
243	40	1	50	0	2	0	0	50	50	40	30	30	5	water	50	1	dragon	0
244	40	1	50	0	2	0	0	50	50	40	30	30	10	water	50	1	dragon	0
245	40	1	50	0	2	0	0	50	50	40	30	30	10	water	50	1	dragon	0
246	40	1	50	0	2	0	0	50	50	40	30	30	10	water	50	1	dragon	0
247	130	1	140	0	4	0	0	70	70	60	50	50	10	water	50	1	dragon,fiery	0
248	130	1	140	0	4	0	0	70	70	60	50	50	10	water	50	1	dragon,fiery	0
249	130	1	140	0	4	0	0	70	70	60	50	50	10	water	50	1	dragon,fiery	0
250	130	1	140	0	4	0	0	70	70	60	50	50	10	water	50	1	dragon,fiery	0
251	130	1	140	0	4	0	0	70	70	60	50	50	10	water	50	1	dragon,fiery	0
252	200	100	190	0	4	0	0	70	70	60	50	50	10	water	50	1	dragon,fiery	0
260	68	68	75	0	4	0	0	40	40	30	50	50	10	water	50	1	dragon,fiery	0
265	95	1	105	0	4	0	0	70	70	60	50	50	10	water	50	1	dragon,fiery	0
266	95	1	105	0	4	0	0	70	70	60	50	50	10	water	50	1	dragon,fiery	0
267	95	1	105	0	4	0	0	70	70	60	50	50	10	water	50	1	dragon,fiery	0
268	95	1	105	0	4	0	0	70	70	60	50	50	10	water	50	1	dragon,fiery	0
269	95	1	105	0	4	0	0	70	70	60	50	50	10	water	50	1	dragon,fiery	0
270	112	100	122	0	4	0	0	70	70	30	90	90	10	earth	50	1	dragon,fiery	0
272	165	100	165	0	4	0	0	70	70	30	90	90	10	earth	50	1	dragon,fiery	0
274	215	100	210	0	4	0	0	70	70	30	90	90	10	earth	50	1	dragon,fiery	0
275	215	100	210	0	4	0	0	70	70	30	90	90	10	earth	50	1	dragon,fiery	0
289	30	1	50	0	1	0	0	0	0	0	0	0	0	-	0	1		0
290	6	1	16	0	1	0	0	0	0	5	0	0	0	-	0	1		0
291	28	1	61	0	1	0	40	34	25	10	35	35	35	-	0	1		0
292	16	1	26	0	1	0	0	0	0	5	0	0	0	-	0	1		0
294	8	1	16	0	1	0	0	0	0	5	10	10	10	-	0	1		0
295	8	1	16	0	1	0	0	0	0	10	0	0	0	-	0	1		0
296	10	1	12	0	1	0	0	0	0	5	0	0	0	-	0	1		0
299	25	1	35	0	1	0	12	14	10	-1	11	11	11	-	0	1		0
300	40	1	47	0	1	0	79	63	47	0	0	0	0	-	0	0		0
301	27	1	37	0	1	0	9	8	10	0	0	0	0	-	0	1		0
302	27	1	37	0	1	0	9	8	10	0	0	0	0	-	0	1		0
303	27	1	37	0	1	0	9	8	10	0	0	0	0	-	0	1		0
304	62	1	70	0	1	0	0	0	0	0	0	0	0	-	0	1		0
319	310	350	2000	0	5	0	25	200	100	150	230	230	100	earth	10	0		0
320	20	1	25	0	1	0	10	10	10	-5	10	10	10	-	0	1		0
373	3	1	5	0	1	0	0	0	0	0	0	0	0	-	0	0		0
374	3	1	5	0	1	0	0	0	0	0	0	0	0	-	0	0		0
397	16	1	22	0	1	0	5	5	5	-4	5	5	5	-	0	0		0
399	16	1	22	0	1	0	5	5	5	-4	5	5	5	-	0	0		0
406	18	1	22	0	2	0	10	10	5	5	10	10	10	-	0	1		0
407	18	1	22	0	2	0	10	10	5	5	10	10	10	-	0	1		0
408	18	1	22	0	2	0	10	10	5	5	10	10	10	-	0	1		0
409	18	1	22	0	2	0	10	10	5	5	10	10	10	-	0	1		0
410	105	1	97	0	3	0	0	20	20	0	0	0	0	-	0	1	leafy	0
411	105	1	97	0	3	0	0	20	20	0	0	0	0	-	0	1	leafy	0
412	107	1	105	0	3	-2	50	60	-20	20	20	20	-20	earth	40	1	golem	0
414	22	1	22	0	2	0	5	5	5	0	5	5	5	air	30	1	undead,spectral	0
415	135	1	150	0	1	0	20	20	20	0	20	20	20	-	0	1	demon	0
417	75	1	75	0	2	0	20	20	0	20	0	0	0	earth	40	1		0
418	75	1	75	0	2	0	20	20	0	20	0	0	0	earth	40	1		0
419	37	1	37	0	2	0	10	10	0	10	0	0	0	-	0	1		0
420	37	1	37	0	3	0	10	10	0	10	0	0	0	-	0	1		0
421	27	1	27	0	1	0	0	0	0	0	0	0	0	earth	25	1		0
422	27	1	27	0	1	0	0	0	0	0	0	0	0	earth	25	1		0
423	40	1	105	0	1	0	0	0	0	0	0	0	0	air	35	1		0
427	88	1	81	0	2	0	0	20	20	0	0	0	0	-	0	1	leafy	0
428	86	1	79	0	2	0	0	20	20	0	0	0	0	-	0	1	leafy	0
429	84	1	77	0	1	0	0	20	20	0	0	0	0	-	0	1	leafy	0
430	83	1	76	0	1	0	0	20	20	0	0	0	0	-	0	1	leafy	0
433	22	1	45	0	1	0	10	10	10	0	10	10	10	water	100	1	fiery,demon	0
437	120	45	75	0	1	0	0	0	0	0	0	0	0	earth	35	1		0
438	120	45	75	0	1	0	0	0	0	0	0	0	0	earth	35	1		0
439	120	45	75	0	1	0	0	0	0	0	0	0	0	earth	35	1		0
440	120	45	75	0	1	0	0	0	0	0	0	0	0	earth	35	1		0
441	120	45	75	0	1	0	0	0	0	0	0	0	0	earth	35	1		0
442	120	45	75	0	1	0	0	0	0	0	0	0	0	earth	35	1		0
443	60	75	60	0	1	0	0	0	0	40	0	0	0	-	0	1		0
448	4	1	16	0	1	0	0	0	0	0	0	0	0	-	0	1	undead	0
449	4	1	16	0	1	0	0	0	0	0	0	0	0	-	0	1	undead	0
450	3	1	15	0	1	0	0	0	0	0	0	0	0	-	0	1	undead	0
451	4	1	16	0	1	0	0	0	0	0	0	0	0	-	0	1	undead	0
452	4	1	16	0	1	0	0	0	0	0	0	0	0	-	0	1	undead	0
453	7	1	19	0	2	0	0	0	0	0	0	0	0	-	0	1	undead	0
454	7	1	19	0	2	0	0	0	0	0	0	0	0	-	0	1	undead	0
455	6	1	18	0	2	0	0	0	0	0	0	0	0	-	0	0	undead	0
456	9	1	19	0	2	0	0	0	0	0	0	0	0	-	0	1	undead	0
457	10	1	19	0	2	0	0	0	0	0	0	0	0	-	0	1	undead	0
458	35	1	40	0	3	0	5	15	15	0	5	5	5	-	0	1		0
459	20	1	25	0	2	0	5	15	15	0	5	5	5	-	0	1		0
460	20	1	25	0	2	0	5	15	15	0	5	5	5	-	0	1		0
461	20	1	25	0	2	0	5	15	15	0	5	5	5	-	0	1		0
462	10	1	15	0	1	0	0	5	5	0	0	0	0	-	0	1		0
463	10	1	15	0	1	0	0	5	5	0	0	0	0	-	0	1		0
464	32	1	25	0	1	0	10	5	10	5	10	10	10	fire	50	1		0
465	120	125	200	0	3	0	140	90	90	80	140	140	140	fire	25	1	dragon	0
466	120	125	200	0	3	0	140	90	90	80	140	140	140	fire	25	1	dragon	0
467	120	125	200	0	3	0	140	90	90	80	140	140	140	fire	25	1	dragon	0
468	120	125	200	0	3	0	140	90	90	80	140	140	140	fire	25	1	dragon	0
469	40	67	51	0	1	0	10	10	10	20	-10	-10	-10	air	60	1		0
470	40	67	51	0	1	0	10	10	10	20	-10	-10	-10	air	60	1		0
475	16	1	105	0	1	0	0	0	0	0	0	0	0	-	0	1		0
476	16	1	105	0	1	0	0	0	0	0	0	0	0	-	0	1		0
477	65	1	100	0	2	0	0	0	0	0	0	0	0	earth	25	0		0
478	15	1	25	0	1	0	0	0	0	0	0	0	0	earth	25	0		0
480	35	13	25	0	1	0	0	0	0	0	0	0	0	earth	50	1		0
481	6	1	5	0	1	0	10	10	5	5	10	10	10	fire	50	1		0
483	84	1	93	0	2	0	72	59	35	25	95	95	95	fire	50	1		0
484	30	1	120	0	2	0	0	0	0	0	0	0	0	-	0	1	demon	0
492	150	120	125	0	2	0	0	0	0	-63	100	100	100	earth	50	1		0
493	150	120	125	0	2	0	0	0	0	-63	100	100	100	none	0	1		0
494	1	1	255	0	4	0	0	0	0	130	300	300	300	earth	50	1		0
496	1	1	255	0	5	0	0	0	0	130	300	300	300	none	0	1		0
498	275	1	185	0	1	0	0	0	0	600	44	44	44	air	30	1		0
499	360	1	240	0	4	0	11	4	9	800	900	900	900	air	20	1		0
508	18	1	24	0	1	0	0	0	0	0	0	0	0	-	0	0		0
509	70	1	80	0	2	0	0	0	0	0	0	0	0	air	20	1	spectral	0
510	14	22	24	0	1	0	0	0	0	3	0	0	0	-	0	0		0
511	14	18	24	0	1	0	0	0	0	3	0	0	0	-	0	0		0
512	5	6	12	0	1	0	0	0	0	3	0	0	0	-	0	0		0
513	5	1	8	0	1	0	0	0	0	0	0	0	0	-	0	0		0
516	25	1	42	0	1	0	73	76	70	-11	72	72	72	-	0	1		0
517	25	1	42	0	1	0	73	76	70	-11	72	72	72	-	0	1		0
518	2	1	13	0	1	0	0	3	2	0	2	2	2	-	0	0		0
519	4	1	13	0	1	0	0	3	2	0	2	2	2	-	0	0		0
520	12	10	20	0	1	0	0	0	0	0	0	0	0	-	0	1		0
521	20	1	20	0	1	0	0	1	0	0	0	0	0	-	0	1		0
522	21	1	20	0	1	0	3	2	0	0	0	0	0	-	0	1		0
523	23	1	23	0	1	0	3	2	0	0	0	0	0	-	0	1		0
524	20	1	20	0	1	0	0	1	0	0	0	0	0	-	0	1		0
525	9	1	18	0	1	0	2	3	3	0	0	0	0	-	0	0		0
526	13	1	17	0	1	0	6	9	11	0	0	0	0	-	0	1		0
527	22	25	20	0	1	0	0	0	0	0	0	0	0	-	0	0		0
528	12	25	10	0	1	0	0	0	0	0	0	0	0	-	0	0		0
529	42	40	40	0	1	0	0	0	0	0	0	0	0	-	0	0		0
530	26	1	39	0	1	0	4	6	6	0	0	0	0	-	0	0		0
531	5	1	17	0	1	0	96	79	59	0	0	0	0	-	0	1		0
532	25	1	40	0	1	0	13	17	14	-4	14	14	14	-	0	1		0
537	65	65	65	0	1	0	10	10	10	20	20	20	20	fire	40	1		0
561	50	1	52	0	1	0	0	0	0	0	0	0	0	-	0	1	undead	0
562	50	1	52	0	1	0	0	0	0	0	0	0	0	-	0	1	undead	0
563	50	1	52	0	1	0	0	0	0	0	0	0	0	fire	50	1	undead	0
565	50	1	52	0	1	0	0	0	0	0	0	0	0	fire	50	1	undead	0
567	50	1	52	0	1	0	0	0	0	0	0	0	0	fire	50	1	undead	0
568	50	1	52	0	1	0	0	0	0	0	0	0	0	fire	50	1	undead	0
569	50	1	52	0	1	0	0	0	0	0	0	0	0	fire	50	1	undead	0
571	50	1	52	0	1	0	0	0	0	0	0	0	0	fire	50	1	undead	0
572	50	1	52	0	1	0	0	0	0	0	0	0	0	fire	50	1	undead	0
573	50	1	52	0	1	0	0	0	0	0	0	0	0	fire	50	1	undead	0
574	50	1	52	0	1	0	0	0	0	0	0	0	0	fire	50	1	undead	0
575	50	1	52	0	1	0	0	0	0	0	0	0	0	fire	50	1	undead	0
576	50	1	52	0	1	0	0	0	0	0	0	0	0	fire	50	1	undead	0
577	50	1	52	0	1	0	0	0	0	0	0	0	0	fire	50	1	undead	0
578	50	1	52	0	1	0	0	0	0	0	0	0	0	fire	50	1	undead	0
579	50	1	52	0	1	0	0	0	0	0	0	0	0	fire	50	1	undead	0
580	50	1	52	0	1	0	0	0	0	0	0	0	0	fire	50	1	undead	0
581	50	1	52	0	1	0	0	0	0	0	0	0	0	fire	50	1	undead	0
582	50	1	52	0	1	0	0	0	0	0	0	0	0	fire	50	1	undead	0
584	50	1	52	0	1	0	0	0	0	0	0	0	0	fire	50	1	undead	0
586	50	1	52	0	1	0	0	0	0	0	0	0	0	fire	50	1	undead	0
588	50	1	52	0	1	0	0	0	0	0	0	0	0	fire	50	1	undead	0
590	50	1	52	0	1	0	0	0	0	0	0	0	0	fire	50	1	undead	0
592	50	1	52	0	1	0	0	0	0	0	0	0	0	fire	50	1	undead	0
593	50	1	52	0	1	0	0	0	0	0	0	0	0	fire	50	1	undead	0
595	50	1	52	0	1	0	0	0	0	0	0	0	0	fire	50	1	undead	0
597	50	1	52	0	1	0	0	0	0	0	0	0	0	fire	50	1	undead	0
599	50	1	52	0	1	0	0	0	0	0	0	0	0	fire	50	1	undead	0
600	140	90	134	0	3	0	0	0	0	0	0	0	0	-	0	0		0
613	50	1	52	0	1	0	0	0	0	0	0	0	0	fire	50	1	undead	0
614	50	1	52	0	1	0	0	0	0	0	0	0	0	fire	50	1	undead	0
615	50	1	52	0	1	0	0	0	0	0	0	0	0	fire	50	1	undead	0
616	50	1	52	0	1	0	0	0	0	0	0	0	0	fire	50	1	undead	0
617	50	1	52	0	1	0	0	0	0	0	0	0	0	fire	50	1	undead	0
618	50	1	52	0	1	0	0	0	0	0	0	0	0	fire	50	1	undead	0
619	50	1	50	0	1	0	0	0	0	0	0	0	0	fire	50	1	undead	0
620	50	1	50	0	1	0	0	0	0	0	0	0	0	fire	50	1	undead	0
621	50	1	50	0	1	0	0	0	0	0	0	0	0	fire	50	1	undead	0
622	50	1	50	0	1	0	0	0	0	0	0	0	0	fire	50	1	undead	0
623	50	1	50	0	1	0	0	0	0	0	0	0	0	fire	50	1	undead	0
624	50	1	50	0	1	0	0	0	0	0	0	0	0	fire	50	1	undead	0
625	100	1	90	0	2	0	0	0	0	0	0	0	0	air	30	0	spectral	0
626	40	1	40	0	2	0	20	15	10	15	15	15	15	fire	25	1		0
639	100	1	110	0	1	0	87	84	76	-10	79	79	79	-	0	0		0
643	40	0	140	0	2	0	35	60	35	200	200	200	200	earth	50	1		0
645	70	1	70	0	2	0	0	0	0	0	0	0	0	fire	20	1		0
647	70	1	70	0	2	0	0	0	0	0	0	0	0	fire	20	1		0
648	80	1	80	0	1	0	30	60	30	0	0	0	0	fire	100	1		0
649	100	1	80	0	1	0	30	60	30	0	0	0	0	fire	100	1		0
650	120	1	100	0	1	0	30	60	30	0	0	0	0	fire	100	1		0
651	110	1	90	0	1	0	30	60	30	0	0	0	0	fire	100	1		0
655	4	1	12	0	1	0	0	0	0	0	0	0	0	-	0	1		0
662	4	1	12	0	1	0	0	0	0	0	0	0	0	-	0	1		0
680	70	1	70	0	2	0	0	0	0	0	0	0	0	earth	40	1	undead	0
681	70	1	70	0	2	0	0	0	0	0	0	0	0	earth	40	1	undead	0
682	90	1	90	0	1	0	60	60	60	60	60	60	60	-	0	0		0
683	160	1	200	0	1	0	100	100	100	80	120	120	120	-	0	0		0
685	80	1	80	1	1	0	81	93	98	1	82	82	82	-	0	0		0
690	65	1	65	0	1	0	0	0	0	0	0	0	0	-	0	0		0
695	50	1	50	0	1	0	0	0	0	0	0	0	0	-	0	0		0
717	50	1	1	0	1	0	100	100	100	0	0	0	0	fire	50	0		0
720	90	1	90	0	1	0	90	90	90	0	0	0	0	fire	50	0		0
721	90	1	90	0	1	0	90	90	90	0	0	0	0	fire	50	0		0
722	90	1	90	0	1	0	90	90	90	0	0	0	0	fire	50	0		0
723	90	1	90	0	1	0	90	90	90	0	0	0	0	fire	50	0		0
724	50	1	10	0	1	0	100	100	100	0	0	0	0	fire	50	0		0
725	90	1	90	0	1	0	90	90	90	0	0	0	0	fire	50	0		0
726	90	1	90	0	1	0	90	90	90	0	0	0	0	fire	50	0		0
727	90	1	90	0	1	0	90	90	90	0	0	0	0	fire	50	0		0
728	90	1	90	0	1	0	90	90	90	0	0	0	0	fire	50	0		0
729	10	1	25	0	1	0	15	15	15	15	15	15	15	fire	50	1	kalphite	0
734	30	1	30	0	1	0	0	9	8	10	0	0	0	-	0	0		0
736	20	1	30	0	1	0	0	9	8	10	0	0	0	-	0	0		0
738	50	0	50	0	1	0	9	8	10	0	0	0	0	-	0	0		0
762	70	1	50	0	1	0	0	0	0	150	0	0	0	air	30	1		0
763	100	1	250	0	5	0	0	0	0	150	0	0	0	air	35	1		0
773	3	1	1	0	1	0	-12	-12	-12	-12	-12	-12	-12	-	0	0		0
774	3	1	1	0	1	0	-12	-12	-12	-12	-12	-12	-12	-	0	0		0
785	74	1	45	0	1	0	0	0	0	0	0	0	0	-	0	0		0
786	74	1	45	0	1	0	0	0	0	0	0	0	0	-	0	0		0
787	95	1	105	0	2	0	50	70	70	90	50	30	50	earth	20	1		0
788	95	1	105	0	2	0	50	70	70	90	50	30	50	earth	20	1		0
789	95	1	105	0	2	0	50	70	70	90	50	30	50	earth	20	1		0
790	95	1	105	0	2	0	50	70	70	90	50	30	50	earth	20	1		0
791	95	1	105	0	2	0	50	70	70	90	50	30	50	earth	20	1		0
792	95	1	105	0	2	0	50	70	70	90	50	30	50	earth	20	1		0
793	95	1	105	0	2	0	50	70	70	90	50	30	50	earth	20	1		0
794	90	70	50	70	1	0	40	90	90	34	0	0	0	fire	50	1	kalphite	0
795	90	1	90	0	2	-2	90	90	40	0	0	0	0	fire	40	1	kalphite	0
796	50	1	90	0	2	-2	50	90	50	34	66	66	66	fire	40	1	kalphite	0
797	169	1	130	0	3	0	70	99	99	159	149	103	149	fire	50	1	kalphite	0
799	90	70	50	70	1	0	40	90	90	34	0	0	0	fire	50	1	kalphite	0
800	90	1	90	0	2	-2	90	90	40	0	0	0	0	fire	40	1	kalphite	0
801	50	1	90	0	2	-2	50	90	50	34	66	66	66	fire	40	1	kalphite	0
817	70	70	80	0	4	0	20	40	40	30	20	20	20	water	30	1		0
820	1	1	5	0	1	0	0	0	0	0	0	0	0	-	0	1		0
823	34	40	44	0	1	0	0	0	0	0	0	0	0	-	0	0		0
852	40	1	60	0	2	0	0	0	0	0	0	0	0	fire	30	1		0
853	40	1	60	0	2	0	0	0	0	0	0	0	0	fire	30	1		0
854	40	1	60	0	2	0	0	0	0	0	0	0	0	fire	30	1		0
855	40	1	60	0	2	0	0	0	0	0	0	0	0	fire	30	1		0
866	35	1	71	0	2	0	0	0	0	0	0	0	0	-	0	1	undead	0
872	35	1	71	0	2	0	0	0	0	0	0	0	0	-	0	1	undead	0
878	35	1	71	0	2	0	0	0	0	0	0	0	0	-	0	1	undead	0
879	35	1	71	0	2	0	0	0	0	0	0	0	0	-	0	1	undead	0
880	30	1	50	0	1	0	0	0	0	0	0	0	0	fire	50	1	undead	0
882	60	1	100	0	3	0	30	30	30	0	0	0	0	-	0	1	undead	0
891	60	1	120	0	2	0	0	0	0	0	0	0	0	-	0	1		0
911	82	100	95	0	3	0	0	0	0	0	0	0	0	water	25	0	demon	0
924	7	1	18	0	1	0	5	5	-5	0	5	5	5	earth	35	1	undead	0
925	70	0	140	0	2	0	35	60	35	200	200	200	180	earth	20	1		0
926	60	0	135	0	2	0	30	30	50	200	200	200	200	earth	20	1		0
927	50	0	120	0	2	0	25	25	40	200	200	200	200	earth	20	1		0
928	50	0	120	0	2	0	25	25	40	200	200	200	200	earth	20	1		0
931	30	0	95	0	1	0	0	0	0	200	200	120	200	earth	20	1		0
936	40	0	90	0	1	0	0	0	10	200	200	40	200	fire	50	1		0
946	18	1	45	0	2	0	0	0	0	0	0	0	0	air	25	0	spectral	0
949	90	1	90	0	1	0	90	90	30	90	0	0	0	-	0	0		0
950	90	1	90	0	1	0	90	90	30	90	0	0	0	-	0	0		0
951	90	1	90	0	1	0	90	90	30	90	0	0	0	-	0	0		0
952	90	1	90	0	1	0	90	90	30	90	0	0	0	-	0	0		0
953	90	1	90	0	1	0	90	90	30	90	0	0	0	-	0	0		0
955	20	1	40	0	2	0	5	5	1	10	10	10	10	fire	40	1	kalphite	0
957	70	1	90	0	3	0	25	25	5	50	50	30	50	fire	40	1	kalphite	0
958	70	1	90	0	3	0	25	25	5	50	50	30	50	fire	40	1	kalphite	0
959	110	1	170	0	4	0	25	25	5	50	50	30	50	fire	40	1	kalphite	0
960	110	1	170	0	4	0	25	25	5	50	50	30	50	fire	40	1	kalphite	0
962	110	1	170	0	4	0	25	25	5	50	50	30	50	fire	40	1	kalphite	0
963	300	150	255	0	5	0	50	50	10	100	100	100	100	fire	40	1	kalphite	0
965	300	150	255	0	5	0	100	100	100	10	10	10	10	fire	40	1	kalphite	0
970	50	1	70	0	1	0	0	0	0	0	0	0	0	earth	35	1		0
973	71	1	120	0	2	0	0	0	0	50	50	50	50	earth	35	1		0
976	81	1	120	0	2	0	0	0	0	0	0	0	0	earth	35	0		0
980	81	1	120	0	3	0	150	150	150	50	50	50	50	earth	35	1		0
990	24	1	60	8	1	0	0	0	0	0	0	0	0	-	0	0		0
995	12	1	30	0	1	0	7	7	0	0	7	7	7	-	0	0		0
1024	75	75	75	0	2	0	10	10	10	20	20	20	20	fire	40	1		0
1025	18	18	40	0	1	0	0	0	0	0	0	0	0	-	0	0		0
1026	17	1	27	0	1	0	0	3	2	0	0	0	0	-	0	1		0
1027	17	1	27	0	1	0	4	8	5	1	4	4	4	-	0	1		0
1037	50	1	25	0	1	0	0	0	0	0	0	0	0	-	0	0		0
1038	2	1	6	0	1	0	0	0	0	0	0	0	0	-	0	1		0
1039	30	1	33	0	2	0	0	0	0	0	0	0	0	air	40	1		0
1041	45	1	3	0	1	0	2	2	5	2	0	0	0	fire	40	0		0
1042	55	1	45	0	2	0	0	0	0	0	0	0	0	fire	25	1		0
1043	55	1	45	0	1	0	0	0	0	0	0	0	0	fire	25	1		0
1044	55	1	45	0	2	0	0	0	0	0	0	0	0	fire	25	1		0
1045	55	1	45	0	1	0	0	0	0	0	0	0	0	fire	25	1		0
1046	55	1	45	0	2	0	0	0	0	0	0	0	0	fire	25	1		0
1047	62	80	55	0	2	0	0	0	0	0	0	0	0	fire	30	1		0
1048	62	80	55	0	2	0	0	0	0	0	0	0	0	fire	30	1		0
1049	62	80	55	0	2	0	0	0	0	0	0	0	0	fire	30	1		0
1050	62	80	55	0	2	0	0	0	0	0	0	0	0	fire	30	1		0
1051	62	80	55	0	2	0	0	0	0	0	0	0	0	fire	30	1		0
1060	38	1	200	0	2	0	0	0	0	0	0	0	0	-	0	0		0
1061	38	1	200	0	2	0	0	0	0	0	0	0	0	-	0	0		0
1062	38	1	200	0	1	0	0	0	0	0	0	0	0	-	0	0		0
1065	38	1	200	0	1	0	0	0	0	0	0	0	0	-	0	0		0
1066	40	1	25	0	2	0	0	0	0	0	0	0	0	-	0	0		0
1067	40	1	28	0	2	0	0	0	0	0	0	0	0	-	0	0		0
1068	40	1	28	0	2	0	0	0	0	0	0	0	0	-	0	0		0
1072	39	1	25	0	2	0	0	0	0	0	0	0	0	fire	40	0		0
1075	40	1	37	0	3	0	0	0	0	50	50	50	50	-	0	0		0
1076	40	1	37	0	3	0	0	0	0	50	50	50	50	-	0	0		0
1077	40	1	37	0	3	0	0	0	0	50	50	50	50	-	0	0		0
1097	70	1	85	0	2	0	0	0	0	0	0	0	0	earth	20	1		0
1098	50	1	50	0	1	0	0	0	0	0	0	0	0	earth	20	1		0
1101	160	1	100	0	5	0	0	0	0	0	0	0	0	earth	20	0		0
1118	1	1	13	0	1	0	1	1	1	0	0	0	0	-	0	0		0
1119	1	1	10	0	1	0	1	1	1	0	0	0	0	-	0	0		0
1126	140	162	255	0	3	0	0	0	0	0	0	0	0	-	0	0		0
1127	169	1	255	0	3	0	70	99	99	159	149	103	149	fire	50	1	kalphite	0
1128	99	1	255	0	1	0	10	150	150	0	0	0	0	-	0	1	vampyre1	0
1129	135	1	255	0	1	0	35	60	35	0	0	0	0	fire	10	1		0
1130	1	1	13	0	1	0	1	1	1	0	0	0	0	-	0	0		0
1131	1	1	10	0	1	0	1	1	1	0	0	0	0	-	0	0		0
1134	90	1	198	0	1	0	60	60	60	60	60	60	60	-	0	0		0
1135	160	1	255	0	1	0	100	100	100	80	120	120	120	-	0	0		0
1138	1	1	13	0	1	0	1	1	1	0	0	0	0	-	0	0		0
1139	1	1	13	0	1	0	0	0	0	0	0	0	0	-	0	0		0
1140	10	1	13	0	1	0	0	0	0	0	0	0	0	-	0	0		0
1141	2	1	10	0	1	0	0	0	0	0	0	0	0	-	0	0		0
1142	10	1	23	0	1	0	0	0	0	0	0	0	0	-	0	0		0
1153	54	1	60	0	2	0	19	23	24	0	0	0	0	earth	20	1		0
1163	80	1	85	0	1	0	0	0	0	0	0	0	0	fire	35	1	undead,spectral	0
1173	1	1	3	0	1	0	-42	-42	-42	-42	-42	-42	-42	-	0	1		0
1175	1	1	7	0	1	0	-42	-42	-42	-42	-42	-42	-42	-	0	1		0
1206	4	1	25	0	1	0	5	6	8	0	0	0	0	-	0	0		0
1208	20	1	25	0	1	0	35	29	21	0	0	0	0	-	0	0		0
1211	20	1	25	0	1	0	35	29	21	0	0	0	0	-	0	0		0
1213	80	1	170	0	2	0	0	0	0	0	0	0	0	-	0	0		0
1224	120	1	116	0	2	0	0	0	0	0	0	0	0	-	0	1	demon	0
1225	53	1	60	0	2	0	0	0	0	0	0	0	0	-	0	0		0
1226	34	1	40	0	3	0	5	15	15	0	5	5	5	fire	25	0		0
1227	120	0	200	0	1	0	0	0	0	0	0	0	0	-	0	0		0
1228	95	0	100	0	1	0	20	20	20	15	80	80	80	-	0	0		0
1229	50	0	70	0	1	0	15	15	15	10	40	40	40	-	0	0		0
1230	130	0	200	0	1	0	0	0	0	0	0	0	0	-	0	0		0
1231	120	0	100	0	1	0	15	15	15	80	20	20	20	-	0	0		0
1232	75	0	70	0	1	0	10	10	10	40	15	15	15	-	0	0		0
1233	130	150	200	0	1	0	0	0	0	0	0	0	0	-	0	0		0
1234	120	120	100	0	1	0	80	80	80	20	15	15	15	-	0	0		0
1235	75	75	70	0	1	0	40	40	40	15	10	10	10	-	0	0		0
1241	1	1	1	0	1	0	0	0	0	0	0	0	0	-	0	0		0
1244	1	1	1	0	1	0	0	0	0	0	0	0	0	-	0	0		0
1261	1	1	8	0	1	0	-21	-21	-21	-21	-21	-21	-21	fire	20	0		0
1262	1	1	8	0	1	0	-21	-21	-21	-21	-21	-21	-21	fire	20	0		0
1263	1	1	8	0	1	0	-21	-21	-21	-21	-21	-21	-21	fire	20	0		0
1264	1	1	8	0	1	0	-21	-21	-21	-21	-21	-21	-21	fire	20	0		0
1265	1	1	8	0	1	0	-21	-21	-21	-21	-21	-21	-21	fire	20	0		0
1267	10	1	10	0	2	0	0	0	0	0	0	0	0	air	20	1		0
1268	10	1	10	0	2	0	0	0	0	0	0	0	0	air	20	1		0
1273	50	1	40	0	2	0	0	0	0	0	0	0	0	-	0	0		0
1274	30	1	100	0	2	0	0	0	0	0	0	0	0	-	0	0		0
1275	30	1	100	0	1	0	0	0	0	0	0	0	0	-	0	0		0
1276	26	0	38	0	1	-3	0	0	0	0	0	0	0	air	40	1	undead,spectral	0
1277	26	0	38	0	1	-3	0	0	0	0	0	0	0	air	40	1	shade,undead,spectral	0
1279	42	0	56	0	1	-3	0	0	0	0	0	0	0	air	40	1	undead,spectral	0
1280	42	0	56	0	1	-3	0	0	0	0	0	0	0	air	40	1	shade,undead,spectral	0
1281	60	0	76	0	1	-3	0	0	0	0	0	0	0	air	40	1	undead,spectral	0
1282	60	0	76	0	1	-3	0	0	0	0	0	0	0	air	40	1	shade,undead,spectral	0
1283	70	0	90	0	1	-3	0	0	0	0	0	0	0	air	40	1	undead,spectral	0
1284	70	0	90	0	1	-3	0	0	0	0	0	0	0	air	40	1	shade,undead,spectral	0
1285	85	0	110	0	1	-3	0	0	0	0	0	0	0	air	40	1	undead,spectral	0
1286	85	0	110	0	1	-3	0	0	0	0	0	0	0	air	40	1	shade,undead,spectral	0
1293	40	1	30	0	1	0	0	0	0	0	0	0	0	-	0	0		0
1294	38	1	28	0	1	0	0	0	0	0	0	0	0	-	0	0		0
1297	36	1	26	0	1	0	0	0	0	0	0	0	0	-	0	0		0
1298	34	1	24	0	1	0	0	0	0	0	0	0	0	-	0	0		0
1338	1	1	6	0	1	0	-42	-42	-42	-42	-42	-42	-42	air	20	1		0
1339	1	1	10	0	1	0	-42	-42	-42	-42	-42	-42	-42	air	20	1		0
1354	35	1	40	0	1	0	7	7	0	0	7	7	7	-	0	1		0
1355	25	1	25	0	1	0	7	7	0	0	7	7	7	-	0	1		0
1356	57	1	25	0	1	0	7	7	0	0	7	7	7	-	0	1		0
1362	75	1	60	0	2	0	50	50	5	5	50	50	50	earth	40	0		0
1365	20	20	30	0	1	0	0	0	0	0	0	0	0	water	100	0	fiery	0
1366	35	10	35	0	1	0	0	0	0	0	0	0	0	earth	50	0		0
1367	35	10	35	0	1	0	0	0	0	0	0	0	0	earth	50	0		0
1369	30	40	30	0	1	0	0	0	0	0	0	0	0	air	30	0		0
1370	30	30	30	0	1	0	0	0	0	0	0	0	0	earth	50	0		0
1377	60	0	50	0	2	0	10	10	10	-10	20	20	20	-	0	0		0
1379	25	1	30	0	1	0	0	0	0	0	0	0	0	-	0	0		0
1380	25	1	30	0	1	0	0	0	0	0	0	0	0	-	0	0		0
1381	25	1	30	0	1	0	0	0	0	0	0	0	0	-	0	0		0
1382	25	1	30	0	1	0	0	0	0	0	0	0	0	-	0	0		0
1383	20	1	25	0	1	0	0	0	0	0	0	0	0	-	0	0		0
1401	8	1	16	0	1	0	0	0	0	5	10	10	10	-	0	1		0
1402	8	1	16	0	1	0	0	0	0	5	10	10	10	-	0	1		0
1403	8	1	16	0	1	0	0	10	10	10	20	20	20	-	0	1		0
1404	8	1	16	0	1	0	0	0	0	5	10	10	10	-	0	1		0
1405	8	1	12	0	1	0	0	0	0	5	10	10	10	-	0	1		0
1406	10	1	18	0	1	0	0	0	0	5	10	10	10	-	0	1		0
1407	8	1	13	0	1	0	0	0	0	5	10	10	10	-	0	1		0
1408	6	1	10	0	1	0	0	0	0	5	10	10	10	-	0	1		0
1409	20	1	30	0	1	0	3	4	4	2	3	3	3	-	0	1		0
1410	20	1	30	0	1	0	3	4	4	2	3	3	3	-	0	1		0
1411	20	1	30	0	1	0	3	4	4	2	3	3	3	-	0	1		0
1412	20	1	30	0	1	0	3	4	4	2	3	3	3	-	0	1		0
1429	20	0	20	0	1	0	0	1	1	0	0	0	0	-	0	0		0
1432	152	1	157	0	3	0	0	0	0	-10	0	0	0	water	40	1	demon	0
1443	170	170	170	0	3	0	0	50	0	50	0	0	0	fire	25	0	demon	0
1447	20	1	20	0	1	0	0	1	0	0	0	0	0	-	0	1		0
1448	12	1	17	0	1	0	0	0	0	0	0	0	0	-	0	0		0
1475	3	0	10	0	1	0	0	0	0	0	0	0	0	-	0	1		0
1494	1	1	50	0	1	0	0	0	0	0	0	0	0	-	0	0		0
1537	110	1	114	0	1	1	0	3	2	-3	2	2	2	earth	35	1		0
1538	110	1	124	0	1	0	0	3	2	-3	2	2	2	earth	35	1	undead	0
1539	110	1	124	0	1	0	0	3	2	-3	2	2	2	earth	35	1	undead	0
1540	110	1	114	0	1	1	0	3	2	-3	2	2	2	earth	35	1	undead	0
1541	110	1	114	0	1	1	0	3	2	-3	2	2	2	earth	35	1	undead	0
1543	107	1	105	0	3	-2	50	60	-20	20	20	20	-20	earth	40	1	golem	0
1545	25	1	42	0	1	0	73	76	70	-11	72	72	72	-	0	0		0
1546	14	1	22	0	1	0	18	25	19	-4	20	20	20	-	0	0		0
1547	14	1	22	0	1	0	18	25	19	-4	20	20	20	-	0	0		0
1548	14	1	22	0	1	0	18	25	19	-4	20	20	20	-	0	0		0
1549	14	1	22	0	1	0	18	25	19	-4	20	20	20	-	0	0		0
1550	14	1	22	0	1	0	18	25	19	-4	20	20	20	-	0	0		0
1556	10	10	25	0	1	0	0	0	0	15	0	0	0	-	0	0		0
1557	10	10	25	0	1	0	0	0	0	15	0	0	0	-	0	0		0
1558	10	10	25	0	1	0	0	0	0	15	0	0	0	-	0	0		0
1559	10	10	25	0	1	0	0	0	0	15	0	0	0	-	0	0		0
1605	20	15	3	0	1	0	0	0	0	0	0	0	0	-	0	0		0
1606	72	50	65	0	1	0	0	0	0	0	0	0	0	-	0	0		0
1607	47	70	78	0	3	0	0	0	0	0	0	0	0	-	0	0		0
1608	58	30	78	0	1	0	0	0	0	0	0	0	0	-	0	0		0
1609	105	400	107	0	3	0	0	0	0	0	0	0	0	-	0	1		0
1610	1	50	120	0	1	0	0	0	0	0	0	0	0	-	0	0		0
1611	1	50	120	0	1	0	0	0	0	0	0	0	0	-	0	0		0
1612	1	50	120	0	1	0	0	0	0	0	0	0	0	-	0	0		0
1635	0	1	10	0	0	0	-10	-10	-10	10	-10	-10	-10	-	0	0		0
1636	0	1	10	0	0	0	-10	-10	-10	10	-10	-10	-10	-	0	0		0
1637	0	1	10	0	0	0	-10	-10	-10	10	-10	-10	-10	-	0	0		0
1638	0	1	10	0	0	0	-10	-10	-10	10	-10	-10	-10	-	0	0		0
1639	0	1	10	0	0	0	-10	-10	-10	10	-10	-10	-10	-	0	0		0
1640	0	1	10	0	0	0	-10	-10	-10	10	-10	-10	-10	-	0	0		0
1641	0	1	10	0	0	0	-10	-10	-10	20	-10	-10	-10	-	0	0		0
1642	0	1	10	0	0	0	-10	-10	-10	30	-10	-10	-10	-	0	0		0
1643	0	1	10	0	0	0	-10	-10	-10	40	-10	-10	-10	-	0	0		0
1644	0	1	10	0	0	0	-10	-10	-10	50	-10	-10	-10	-	0	0		0
1645	0	1	10	0	0	0	-10	-10	-10	10	-10	-10	-10	-	0	0		0
1667	25	1	28	0	1	0	0	0	0	0	0	0	0	-	0	0	penance	0
1668	21	1	20	0	1	0	0	0	0	0	0	0	0	-	0	0	penance	0
1669	1	1	5	0	1	0	0	0	0	0	0	0	0	-	0	0		0
1670	9	1	27	0	1	0	0	0	0	0	0	0	0	-	0	0		0
1672	100	100	100	73	1	0	103	85	117	73	0	0	0	air	50	1	spectral	0
1673	100	1	100	-58	1	0	252	250	244	-11	249	249	249	air	50	1	spectral	0
1674	100	1	100	-50	1	0	259	257	241	-11	250	250	250	air	50	1	spectral	0
1675	100	1	100	-26	1	-2	79	71	90	106	100	100	100	air	50	1	spectral	0
1676	100	1	100	-33	1	0	221	235	222	0	221	221	221	air	50	1	spectral	0
1677	100	1	100	-42	1	0	227	230	221	0	225	225	225	air	50	1	spectral	0
1678	35	1	45	0	1	0	0	0	0	0	0	0	0	-	0	0		0
1679	20	1	35	0	1	0	0	0	0	0	0	0	0	-	0	1	rat	0
1680	65	1	70	0	2	0	0	0	0	0	0	0	0	-	0	1	rat	0
1683	45	1	60	0	1	0	20	20	10	17	20	20	20	fire	50	1		0
1684	65	1	80	0	1	0	20	20	10	17	20	20	20	fire	40	1		0
1685	72	1	51	0	1	0	5	5	-5	0	5	5	5	earth	35	1	undead	0
1686	72	1	51	0	1	0	5	5	-5	0	5	5	5	earth	35	1	undead	0
1687	72	1	51	0	1	0	5	5	-5	0	5	5	5	earth	35	1	undead	0
1688	72	1	51	0	1	0	5	5	-5	0	5	5	5	earth	35	1	undead	0
1689	33	17	13	0	1	0	0	0	0	0	0	0	0	-	0	0		0
1690	53	22	23	0	1	0	0	0	0	0	0	0	0	-	0	0		0
1691	73	27	33	0	1	0	0	0	0	0	0	0	0	-	0	0		0
1692	93	32	43	0	1	0	0	0	0	0	0	0	0	-	0	0		0
1693	113	37	53	0	1	0	0	0	0	0	0	0	0	-	0	0		0
1694	23	27	23	0	1	0	0	0	0	0	0	0	0	-	0	0		0
1696	38	37	38	0	1	0	0	0	0	0	0	0	0	-	0	0		0
1698	53	47	53	0	1	0	0	0	0	0	0	0	0	-	0	0		0
1700	68	50	68	0	1	0	0	0	0	0	0	0	0	-	0	0		0
1702	83	60	83	0	1	0	0	0	0	0	0	0	0	-	0	0		0
1704	13	0	23	0	1	0	0	0	0	0	0	0	0	-	0	0		0
1705	23	0	38	0	1	0	0	0	0	0	0	0	0	-	0	0		0
1706	33	0	53	0	1	0	0	0	0	0	0	0	0	-	0	0		0
1707	43	0	68	0	1	0	0	0	0	0	0	0	0	-	0	0		0
1708	53	0	83	0	1	0	0	0	0	0	0	0	0	-	0	0		0
1709	43	37	33	0	1	0	0	0	0	0	0	0	0	-	0	0		0
1710	68	52	53	0	1	0	0	0	0	0	0	0	0	-	0	0		0
1711	93	67	73	0	1	0	0	0	0	0	0	0	0	-	0	0		0
1712	118	82	101	0	1	0	0	0	0	0	0	0	0	-	0	0		0
1713	143	37	93	0	1	0	0	0	0	0	0	0	0	-	0	0		0
1714	25	46	18	0	1	0	0	0	0	0	0	0	0	-	0	0		0
1716	41	66	30	0	1	0	0	0	0	0	0	0	0	-	0	0		0
1718	57	85	45	0	1	0	0	0	0	0	0	0	0	-	0	0		0
1720	73	97	57	0	1	0	0	0	0	0	0	0	0	-	0	0		0
1722	89	107	70	0	1	0	0	0	0	0	0	0	0	-	0	0		0
1723	89	107	71	0	1	0	0	0	0	0	0	0	0	-	0	0		0
1724	17	0	27	0	1	0	0	0	0	0	0	0	0	-	0	0		0
1726	29	0	45	0	1	0	0	0	0	0	0	0	0	-	0	0		0
1728	41	0	62	0	1	0	0	0	0	0	0	0	0	-	0	0		0
1729	41	0	62	0	1	0	0	0	0	0	0	0	0	-	0	0		0
1730	53	0	78	0	1	0	0	0	0	0	0	0	0	-	0	0		0
1732	65	0	97	0	1	0	0	0	0	0	0	0	0	-	0	0		0
1734	43	0	53	0	2	0	0	0	0	0	0	0	0	-	0	0		0
1735	67	0	83	0	2	0	0	0	0	0	0	0	0	-	0	0		0
1736	93	0	113	0	2	0	0	0	0	0	0	0	0	-	0	0		0
1737	118	0	143	0	2	0	0	0	0	0	0	0	0	-	0	0		0
1738	143	0	173	0	2	0	0	0	0	0	0	0	0	-	0	0		0
1739	120	0	250	0	3	-2	100	100	100	100	0	0	0	-	0	0		0
1740	120	0	250	0	3	-2	100	100	100	0	100	100	100	-	0	0		0
1741	120	0	250	0	3	-2	0	0	100	100	100	100	100	-	0	0		0
1742	120	0	250	0	3	-2	100	100	0	100	100	100	100	-	0	0		0
1743	120	0	250	0	3	-2	100	100	100	100	0	0	0	-	0	0		0
1744	120	0	250	0	3	-2	100	100	100	0	100	100	100	-	0	0		0
1745	120	0	250	0	3	-2	0	0	100	100	100	100	100	-	0	0		0
1746	120	0	250	0	3	-2	100	100	0	100	100	100	100	-	0	0		0
1747	120	0	200	0	3	-2	100	100	100	100	0	0	0	-	0	0		0
1748	120	0	200	0	3	-2	100	100	100	0	100	100	100	-	0	0		0
1749	120	0	200	0	3	-2	0	0	100	100	100	100	100	-	0	0		0
1750	120	0	200	0	3	-2	100	100	0	100	100	100	100	-	0	0		0
1751	120	0	200	0	3	-2	100	100	100	100	0	0	0	-	0	0		0
1752	120	0	200	0	3	-2	100	100	100	0	100	100	100	-	0	0		0
1753	120	0	200	0	3	-2	0	0	100	100	100	100	100	-	0	0		0
1754	120	0	200	0	3	-2	100	100	0	100	100	100	100	-	0	0		0
1777	24	24	80	0	1	0	3	3	3	0	0	0	0	-	0	0		0
1778	80	80	120	0	1	0	20	20	20	0	0	0	0	-	0	0		0
1782	30	1	25	0	1	0	90	90	5	90	90	90	90	fire	50	1	kalphite	0
1792	20	1	21	0	1	0	10	10	0	0	10	10	10	-	0	0		0
1794	29	1	28	0	1	0	10	10	0	0	10	10	10	fire	10	0		0
1795	20	1	21	0	1	0	10	10	0	0	10	10	10	-	0	0		0
1797	29	1	28	0	1	0	10	10	0	0	10	10	10	fire	10	0		0
1798	21	1	52	0	1	0	83	76	70	-11	74	74	54	-	0	0		0
1799	25	1	52	0	1	0	83	76	70	-11	74	74	54	-	0	0		0
1800	27	1	52	0	1	0	83	76	70	-11	74	74	54	-	0	0		0
1829	27	1	55	0	1	0	83	76	70	-11	85	85	65	-	0	0		0
1834	131	1	112	0	2	-2	0	0	0	0	0	0	0	-	0	0		0
1838	1	1	3	0	1	0	-42	-42	-42	-42	-42	-42	-42	-	0	1		0
1839	1	1	3	0	1	0	-42	-42	-42	-42	-42	-42	-42	-	0	1		0
1845	13	1	19	0	2	0	0	0	0	0	0	0	0	-	0	0		0
1852	1	1	1	0	1	0	0	0	0	0	0	0	0	fire	20	0		0
1861	9	1	25	0	1	0	0	0	0	0	0	0	0	fire	35	0		0
1862	22	1	40	0	1	0	0	0	0	0	0	0	0	fire	35	0		0
1863	38	1	60	0	1	0	0	0	0	0	0	0	0	fire	35	0		0
1864	65	1	85	0	1	0	0	0	0	0	0	0	0	fire	35	0		0
1865	100	1	120	0	1	0	0	0	0	0	0	0	0	fire	35	0		0
1866	130	1	170	0	1	0	0	0	0	0	0	0	0	fire	35	0		0
1870	126	200	120	0	1	0	0	0	0	0	0	0	0	-	0	1		0
1871	70	1	80	0	2	0	0	50	50	40	30	30	5	water	50	1	dragon	0
1874	70	1	60	0	1	0	30	60	30	0	0	0	0	fire	50	1		0
1875	40	1	80	0	1	0	30	60	30	0	0	0	0	fire	50	1		0
1876	40	1	80	0	1	0	30	60	30	0	0	0	0	fire	50	1		0
1877	60	1	80	0	1	0	30	60	30	0	0	0	0	fire	35	1		0
2001	1	1	3	0	1	0	-42	-42	-42	-42	-42	-42	-42	-	0	1		0
2005	71	1	79	0	2	0	0	0	0	-10	0	0	0	water	40	1	demon	0
2025	81	1	87	0	3	0	0	0	0	-10	0	0	0	water	40	1	demon	0
2042	300	300	500	50	5	0	0	0	0	-45	50	50	50	fire	50	1		0
2043	300	300	500	50	5	0	0	0	0	0	300	300	300	fire	50	1		0
2044	300	300	500	50	5	0	0	0	0	300	0	0	0	fire	50	1		0
2045	1	1	1	0	1	0	-40	-40	-40	-40	-40	-40	-40	-	0	0		0
2046	1	185	1	80	1	0	-40	-40	-40	-40	-40	-40	-40	-	0	0		0
2054	270	270	250	0	3	0	70	70	70	70	70	70	70	air	50	1		0
2056	20	25	25	0	1	0	0	0	0	5	0	0	0	-	0	0		0
2057	15	25	25	0	1	0	0	0	0	5	0	0	0	-	0	0		0
2058	10	10	15	0	1	0	0	0	0	5	0	0	0	-	0	0		0
2062	40	1	40	0	1	0	0	0	0	0	0	0	0	-	0	1		0
2063	2	1	4	0	1	0	0	0	0	0	0	0	0	fire	25	1		0
2064	19	1	34	0	2	0	0	0	0	0	0	0	0	-	0	1		0
2065	19	1	34	0	2	0	0	0	0	0	0	0	0	-	0	1		0
2066	19	1	34	0	2	0	0	0	0	0	0	0	0	-	0	1		0
2067	25	1	36	0	2	0	16	16	18	15	10	10	10	-	0	1		0
2068	40	1	55	0	2	0	16	16	18	15	10	10	10	-	0	1		0
2075	65	1	111	0	2	0	0	3	2	0	0	0	0	water	100	1	fiery	0
2085	40	1	70	0	2	0	0	3	2	0	0	0	0	fire	100	1		0
2086	40	1	70	0	2	0	0	3	2	0	0	0	0	fire	100	1		0
2087	40	1	70	0	2	0	0	3	2	0	0	0	0	fire	100	1		0
2088	40	1	70	0	2	0	0	3	2	0	0	0	0	fire	100	1		0
2089	40	1	70	0	2	0	0	3	2	0	0	0	0	fire	100	1		0
2090	30	1	60	0	2	0	0	0	0	0	0	0	0	fire	50	1		0
2094	43	1	60	0	2	0	0	0	0	0	0	0	0	earth	25	0		0
2097	46	1	55	0	2	0	0	0	0	0	0	0	0	-	0	1		0
2098	26	1	35	0	2	0	0	0	0	0	0	0	0	earth	25	1		0
2099	26	1	35	0	2	0	0	0	0	0	0	0	0	earth	25	1		0
2100	26	1	35	0	2	0	0	0	0	0	0	0	0	earth	25	1		0
2101	26	1	35	0	2	0	0	0	0	0	0	0	0	earth	25	1		0
2102	26	1	35	0	2	0	0	0	0	0	0	0	0	earth	25	1		0
2103	26	1	35	0	2	0	0	0	0	0	0	0	0	earth	25	1		0
2115	5	1	25	0	2	0	0	0	0	0	0	0	0	-	0	0		0
2120	13	1	22	0	1	0	24	14	19	4	16	16	16	-	0	0		0
2137	55	1	150	0	2	0	0	0	0	0	0	0	0	-	0	1		0
2145	60	115	140	100	1	0	40	30	80	140	40	40	40	fire	50	1	undead	0
2154	80	120	100	0	1	0	0	0	0	0	0	0	0	water	40	1		0
2161	60	80	80	0	1	0	0	0	0	0	0	0	0	water	40	1		0
2167	100	40	120	0	1	0	0	0	0	0	0	0	0	water	40	1		0
2168	100	40	120	0	1	0	0	0	0	0	0	0	0	water	40	1		0
2169	100	40	120	0	1	0	0	0	0	0	0	0	0	water	40	1		0
2173	120	40	140	0	1	0	0	0	0	0	0	0	0	water	40	1		0
2189	15	15	10	0	1	0	0	0	0	0	0	0	0	water	40	1		0
2191	30	30	20	0	2	0	0	0	0	0	0	0	0	water	40	1		0
2193	60	60	40	0	3	0	0	0	0	0	0	0	0	water	40	1		0
2205	300	300	255	200	2	0	100	100	100	100	100	100	75	-	0	1		0
2206	120	125	160	0	2	0	12	14	13	5	13	13	13	-	0	0		0
2207	120	150	146	0	3	0	12	14	14	18	5	5	5	-	0	0		0
2208	130	80	162	0	2	0	12	14	14	18	5	5	5	-	0	0		0
2209	120	125	89	0	1	0	12	14	13	5	13	13	13	-	0	0		0
2210	110	1	110	0	1	0	12	14	13	5	13	13	13	air	30	1	spectral	0
2211	100	1	106	0	1	0	3	5	13	16	23	23	23	air	30	1	spectral	0
2212	86	160	85	0	1	0	8	7	3	16	2	2	2	air	30	1	spectral	0
2213	70	60	135	0	1	0	10	10	7	0	13	13	13	-	0	0		0
2214	82	60	108	0	1	0	12	14	13	0	13	13	13	-	0	0		0
2215	250	80	255	0	4	0	90	90	90	298	90	90	90	earth	40	1		0
2216	125	50	128	0	1	0	0	0	0	0	0	0	0	-	0	1		0
2217	150	150	127	0	1	0	0	0	0	0	0	0	0	-	0	1		0
2218	132	50	146	0	1	0	0	0	0	0	0	0	0	-	0	1		0
2233	43	1	70	0	2	0	0	0	0	0	0	0	0	earth	20	1		0
2234	43	1	70	0	2	0	0	0	0	0	0	0	0	earth	25	0		0
2235	48	1	110	0	2	0	0	0	0	0	0	0	0	-	0	1		0
2236	48	1	110	0	2	0	0	0	0	0	0	0	0	-	0	1		0
2237	60	1	110	0	1	0	12	14	13	5	13	13	13	earth	15	0		0
2241	35	1	52	0	1	0	0	0	0	0	0	0	0	-	0	1		0
2242	96	1	131	0	1	0	12	14	13	5	13	13	13	air	30	1	spectral	0
2243	100	1	131	0	1	0	12	14	13	5	13	13	13	air	30	1	spectral	0
2244	103	142	106	0	1	0	12	14	13	35	13	13	13	air	30	1	spectral	0
2245	14	1	18	0	1	0	0	0	0	0	0	0	0	-	0	1		0
2246	13	1	15	0	1	0	0	0	0	0	0	0	0	-	0	1		0
2247	19	1	3	0	1	0	0	0	0	0	0	0	0	-	0	1		0
2248	19	1	16	0	1	0	0	0	0	0	0	0	0	-	0	1		0
2249	20	1	13	0	1	0	0	0	0	0	0	0	0	-	0	1		0
2259	75	1	85	0	1	0	10	10	90	200	150	150	150	earth	35	1		0
2261	200	1	180	0	2	0	225	200	175	-10	250	250	80	earth	20	1		0
2264	50	1	100	0	2	0	0	0	0	0	0	0	0	earth	35	1		0
2265	128	255	255	0	3	0	10	10	10	255	550	550	550	earth	35	1		0
2266	255	255	255	0	3	0	255	255	255	255	10	10	10	earth	35	1		0
2267	255	0	255	0	3	0	255	255	255	10	255	255	255	earth	35	1		0
2316	25	1	26	0	1	0	1	16	19	-3	12	12	12	-	0	1		0
2317	22	1	26	-4	1	0	0	15	19	-3	12	12	12	-	0	1		0
2450	10	1	10	0	1	0	50	25	19	400	400	400	400	earth	30	0		0
2451	20	1	20	0	1	0	50	25	19	400	400	400	400	earth	30	0		0
2452	40	1	40	0	1	0	50	25	19	400	400	400	400	earth	30	0		0
2453	60	1	60	0	1	0	50	25	19	400	400	400	400	earth	30	0		0
2454	80	1	80	0	1	0	50	25	19	400	400	400	400	earth	30	0		0
2455	99	1	99	0	1	0	50	25	19	400	400	400	400	earth	30	0		0
2456	120	1	120	0	1	0	50	25	19	400	400	400	400	earth	30	0		0
2463	26	1	75	0	2	0	0	0	0	0	0	0	0	-	0	1		0
2464	35	1	100	0	2	0	0	0	0	0	0	0	0	-	0	1		0
2474	40	60	40	0	2	0	40	30	20	20	40	40	40	-	0	1		0
2475	50	45	70	0	2	0	50	40	30	30	50	50	50	-	0	1		0
2476	60	60	50	0	2	0	50	40	30	30	50	50	50	-	0	1		0
2477	31	1	50	0	1	0	10	10	10	10	10	10	10	fire	50	1		0
2478	21	1	22	0	1	0	53	53	53	53	53	53	53	fire	50	1		0
2479	50	1	55	0	2	0	5	15	15	0	55	55	55	fire	25	1		0
2480	31	1	37	0	2	0	35	15	15	30	35	35	35	fire	25	1		0
2481	10	1	10	0	1	0	-21	-21	-21	-21	-21	-21	-21	-	0	1		0
2482	15	1	13	0	1	0	1	1	1	1	0	0	0	-	0	1		0
2483	25	1	22	0	1	0	-10	-10	-10	-21	-10	-10	-10	-	0	1		0
2484	4	1	5	0	1	0	0	0	0	0	0	0	0	-	0	1		0
2485	7	1	16	0	1	0	4	6	8	4	4	4	4	-	0	1		0
2486	7	1	7	0	1	0	0	0	0	0	0	0	0	-	0	1		0
2487	14	1	22	0	1	0	0	0	0	0	0	0	0	-	0	1		0
2488	17	1	26	0	1	0	14	16	18	14	14	14	14	-	0	1		0
2490	10	1	15	0	2	0	0	0	0	0	0	0	0	fire	25	1		0
2491	10	1	10	0	2	0	0	0	0	0	0	0	0	fire	25	1		0
2492	1	1	2	0	1	0	-42	-42	-42	-42	-42	-42	-42	-	0	1	rat	0
2498	10	1	25	0	2	0	15	15	15	15	15	15	15	fire	20	1		0
2499	10	1	25	0	2	0	15	15	15	15	15	15	15	fire	20	1		0
2500	10	1	25	0	2	0	15	15	15	15	15	15	15	fire	20	1		0
2501	20	1	30	0	1	0	0	0	0	0	0	0	0	fire	50	1	undead	0
2502	20	1	30	0	1	0	0	0	0	0	0	0	0	fire	50	1	undead	0
2503	20	1	30	0	1	0	0	0	0	0	0	0	0	fire	50	1	undead	0
2504	40	1	40	0	1	0	0	0	22	0	0	0	0	fire	50	1	undead	0
2505	40	1	40	0	1	0	0	0	22	0	0	0	0	fire	50	1	undead	0
2506	40	1	40	0	1	0	0	0	22	0	0	0	0	fire	50	1	undead	0
2507	48	1	50	0	1	0	19	18	0	20	21	21	21	fire	50	1	undead	0
2508	48	1	50	0	1	0	19	18	0	20	21	21	21	fire	50	1	undead	0
2509	48	1	50	0	1	0	19	18	0	20	21	21	21	fire	50	1	undead	0
2510	22	1	25	0	2	0	0	0	0	0	0	0	0	-	0	1	rat	0
2514	60	1	60	0	1	0	0	0	0	0	0	0	0	air	40	1	undead,spectral	0
2515	70	1	65	0	1	0	0	0	0	0	0	0	0	air	40	1	undead,spectral	0
2516	80	1	70	0	1	0	0	0	0	0	0	0	0	air	40	1	undead,spectral	0
2520	60	1	70	0	1	0	35	35	-5	0	35	35	35	earth	35	1	undead	0
2521	40	1	70	0	1	0	35	35	-5	0	35	35	35	earth	35	1	undead	0
2522	40	1	70	0	1	0	35	35	-5	0	35	35	35	earth	35	1	undead	0
2523	40	1	70	0	1	0	35	35	-5	0	35	35	35	earth	35	1	undead	0
2524	74	1	77	0	1	0	79	31	20	5	70	70	70	earth	35	1	undead	0
2525	74	1	77	0	1	0	79	31	20	5	70	70	70	earth	35	1	undead	0
2526	74	1	77	0	1	0	79	31	20	5	70	70	70	earth	35	1	undead	0
2527	68	1	80	0	1	0	55	55	5	55	55	55	55	air	50	1	undead,spectral	0
2531	68	1	75	0	1	0	45	45	5	-5	45	45	45	air	50	1	undead,spectral	0
2536	8	1	15	0	1	0	5	5	0	0	5	5	5	-	0	0		0
2537	12	1	20	0	1	0	6	6	0	0	6	6	6	-	0	0		0
2538	12	1	30	0	1	0	7	7	0	0	7	7	7	-	0	0		0
2579	3	1	15	0	1	0	0	0	0	0	0	0	0	-	0	0		0
2584	25	1	10	0	1	0	50	50	100	50	10	10	10	-	0	0		0
2585	30	1	50	0	1	0	70	70	70	150	70	70	70	-	0	0		0
2586	95	1	95	0	1	0	75	75	10	75	75	75	75	-	0	0		0
2592	48	1	48	0	2	0	0	0	0	0	0	0	0	earth	20	1		0
2593	70	1	100	0	1	0	0	0	0	60	0	0	0	-	0	1		0
2594	70	1	100	0	1	0	0	0	0	60	0	0	0	-	0	1		0
2595	70	1	100	0	1	0	0	0	0	60	0	0	0	-	0	1		0
2596	70	1	100	0	1	0	0	0	0	60	0	0	0	-	0	1		0
2597	70	1	100	0	1	0	0	0	0	60	0	0	0	-	0	1		0
2598	70	1	100	0	1	0	0	0	0	60	0	0	0	-	0	1		0
2599	70	1	100	0	1	0	0	0	0	60	0	0	0	-	0	1		0
2600	70	1	100	0	1	0	0	0	0	60	0	0	0	-	0	1		0
2601	70	1	100	0	1	0	0	0	0	60	0	0	0	-	0	1		0
2602	70	1	100	0	1	0	0	0	0	60	0	0	0	-	0	1		0
2603	70	1	100	0	1	0	0	0	0	60	0	0	0	-	0	1		0
2604	70	1	100	0	1	0	0	0	0	60	0	0	0	-	0	1		0
2605	70	1	100	0	1	0	0	0	0	60	0	0	0	-	0	1		0
2606	70	1	100	0	1	0	0	0	0	60	0	0	0	-	0	1		0
2607	70	1	100	0	1	0	0	0	0	60	0	0	0	-	0	1		0
2608	70	1	100	0	1	0	0	0	0	60	0	0	0	-	0	1		0
2609	70	1	100	0	1	0	0	0	0	60	0	0	0	-	0	1		0
2610	70	1	100	0	1	0	0	0	0	60	0	0	0	-	0	1		0
2611	70	1	100	0	1	0	0	0	0	60	0	0	0	-	0	1		0
2612	70	1	100	0	1	0	0	0	0	60	0	0	0	-	0	1		0
2613	10	1	60	0	1	0	-21	-21	-21	-21	-21	-21	-21	-	0	0		0
2614	10	1	60	0	1	0	-21	-21	-21	-21	-21	-21	-21	-	0	0		0
2615	10	1	60	0	1	0	-21	-21	-21	-21	-21	-21	-21	-	0	0		0
2616	10	1	60	0	1	0	-21	-21	-21	-21	-21	-21	-21	-	0	0		0
2617	10	1	60	0	1	0	-21	-21	-21	-21	-21	-21	-21	-	0	0		0
2618	10	1	60	0	1	0	-21	-21	-21	-21	-21	-21	-21	-	0	0		0
2619	10	1	60	0	1	0	-21	-21	-21	-21	-21	-21	-21	-	0	0		0
2620	10	1	60	0	1	0	-21	-21	-21	-21	-21	-21	-21	-	0	0		0
2621	10	1	60	0	1	0	-21	-21	-21	-21	-21	-21	-21	-	0	0		0
2622	10	1	60	0	1	0	-21	-21	-21	-21	-21	-21	-21	-	0	0		0
2623	10	1	60	0	1	0	-21	-21	-21	-21	-21	-21	-21	-	0	0		0
2624	10	1	60	0	1	0	-21	-21	-21	-21	-21	-21	-21	-	0	0		0
2625	10	1	60	0	1	0	-21	-21	-21	-21	-21	-21	-21	-	0	0		0
2626	10	1	60	0	1	0	-21	-21	-21	-21	-21	-21	-21	-	0	0		0
2627	10	1	60	0	1	0	-21	-21	-21	-21	-21	-21	-21	-	0	0		0
2628	10	1	60	0	1	0	-21	-21	-21	-21	-21	-21	-21	-	0	0		0
2629	10	1	60	0	1	0	-21	-21	-21	-21	-21	-21	-21	-	0	0		0
2630	10	1	60	0	1	0	-21	-21	-21	-21	-21	-21	-21	-	0	0		0
2631	10	1	60	0	1	0	-21	-21	-21	-21	-21	-21	-21	-	0	0		0
2632	10	1	60	0	1	0	-21	-21	-21	-21	-21	-21	-21	-	0	0		0
2634	22	1	8	0	1	0	5	5	30	5	50	50	50	earth	25	0		0
2645	45	1	13	0	1	0	5	5	30	5	50	50	50	earth	30	0		0
2646	18	1	10	0	1	0	5	5	30	5	50	50	50	earth	25	0		0
2647	40	1	12	0	1	0	5	5	30	5	50	50	50	earth	25	0		0
2648	20	1	22	0	1	0	5	5	30	5	30	30	30	earth	30	0		0
2649	12	1	13	0	1	0	5	5	30	5	50	50	50	earth	25	0		0
2650	30	1	10	0	1	0	5	5	30	5	50	50	50	earth	30	0		0
2651	25	1	20	0	1	0	5	5	30	5	50	50	50	earth	25	0		0
2652	27	1	15	0	1	0	5	5	30	5	50	50	50	earth	25	0		0
2790	1	1	8	0	2	0	-21	-21	-21	-21	-21	-21	-21	-	0	1		0
2791	1	1	8	0	2	0	-21	-21	-21	-21	-21	-21	-21	-	0	1		0
2792	1	1	6	0	2	0	-26	-26	-26	-26	-26	-26	-26	-	0	1		0
2793	1	1	8	0	2	0	-21	-21	-21	-21	-21	-21	-21	-	0	1		0
2794	1	1	6	0	2	0	-26	-26	-26	-26	-26	-26	-26	-	0	1		0
2795	1	1	8	0	2	0	-21	-21	-21	-21	-21	-21	-21	-	0	1		0
2801	1	1	6	0	1	0	-26	-26	-26	-26	-26	-26	-26	-	0	1		0
2804	1	1	3	0	1	0	-42	-42	-42	-42	-42	-42	-42	-	0	1		0
2827	5	1	8	0	1	0	2	2	5	2	0	0	0	air	35	1		0
2834	22	1	32	0	2	0	10	10	12	10	8	8	8	air	10	1		0
2836	30	1	70	0	2	0	0	0	0	0	0	0	0	-	0	0		0
2837	13	1	19	0	2	0	0	0	0	0	0	0	0	-	0	0		0
2838	15	1	27	0	2	0	0	0	0	0	0	0	0	fire	20	1		0
2839	13	1	25	0	2	0	0	0	0	0	0	0	0	fire	30	1		0
2840	42	1	54	0	1	0	30	40	20	10	30	30	30	-	0	1		0
2841	47	1	59	0	1	0	30	40	20	10	30	30	30	fire	100	1		0
2842	47	1	59	0	1	0	30	40	20	10	30	30	30	fire	100	1		0
2843	46	1	66	0	1	-2	15	10	20	-5	15	15	15	air	35	1	spectral	0
2844	29	1	44	0	1	0	10	5	15	5	10	10	10	-	0	1		0
2845	3	1	6	0	1	0	0	0	0	0	0	0	0	-	0	0		0
2847	39	1	55	0	3	0	0	0	0	0	0	0	0	-	0	0		0
2848	2	1	6	0	1	0	0	0	0	0	0	0	0	-	0	1		0
2849	23	1	29	0	2	0	0	0	0	0	0	0	0	-	0	0		0
2851	47	1	59	0	1	0	30	40	20	10	30	30	30	fire	100	1		0
2853	36	0	67	0	1	0	43	31	19	15	38	38	38	-	0	1		0
2854	1	1	2	0	1	0	-42	-42	-42	-42	-42	-42	-42	-	0	1	rat	0
2856	2	1	5	0	2	0	0	0	0	0	0	0	0	-	0	1	rat	0
2862	2	1	10	0	2	0	0	0	0	0	0	0	0	-	0	1	rat	0
2865	10	1	12	0	2	0	0	0	0	0	0	0	0	-	0	1	rat	0
2866	10	1	12	0	2	0	0	0	0	0	0	0	0	-	0	1	rat	0
2910	1	1	1	0	0	0	0	0	0	0	0	0	0	-	0	0		0
2911	2	2	1	0	0	0	0	0	0	0	0	0	0	-	0	0		0
2912	2	2	1	0	0	0	0	0	0	0	0	0	0	-	0	0		0
2916	128	105	128	0	1	0	100	100	10	100	100	100	20	earth	100	1	demon	0
2917	128	105	128	0	1	0	100	100	10	100	100	100	20	earth	100	1	demon	0
2918	168	168	175	0	4	0	0	70	70	60	50	50	10	water	50	0	dragon,fiery	0
2919	268	168	254	0	4	0	0	100	70	30	90	90	20	earth	50	1	dragon,fiery	0
2920	110	1	124	0	1	0	0	3	2	-3	2	2	2	-	0	0		0
2921	110	1	124	0	1	0	0	0	0	0	0	0	0	-	0	0		0
2946	2	1	55	0	2	0	0	0	0	0	0	0	0	-	0	0		0
2947	30	1	65	0	2	0	0	0	0	0	0	0	0	-	0	0		0
2948	40	1	75	0	2	0	0	0	0	0	0	0	0	-	0	0		0
2950	50	50	200	0	0	0	100	100	100	100	100	100	100	-	0	0		0
2951	50	50	200	0	0	0	100	100	100	100	100	100	100	-	0	0		0
2952	50	50	200	0	0	0	100	100	100	100	100	100	100	-	0	0		0
2953	50	50	200	0	0	0	100	100	100	100	100	100	100	-	0	0		0
2954	24	80	76	0	1	0	0	0	0	3	0	0	0	-	0	0		0
2955	80	80	120	0	1	0	0	0	0	30	0	0	0	-	0	0		0
2978	60	1	120	0	2	0	0	0	0	0	0	0	0	-	0	0		0
2992	1	1	8	0	2	0	-21	-21	-21	-21	-21	-21	-21	fire	50	1	undead	0
2993	1	1	3	0	1	0	-42	-42	-42	-42	-42	-42	-42	fire	50	1	undead	0
2994	40	1	32	0	2	0	5	15	5	0	5	5	5	-	0	1		0
2999	38	1	51	0	1	0	0	0	0	0	0	0	0	-	0	1	undead,spectral	0
3014	1	1	7	0	1	0	-21	-21	-21	-21	-21	-21	-21	-	0	0		0
3015	1	1	7	0	1	0	-21	-21	-21	-21	-21	-21	-21	-	0	0		0
3016	44	1	55	0	1	0	20	15	10	15	15	15	15	fire	40	1		0
3017	1	1	5	0	1	0	-10	-10	-10	-10	-10	-10	-10	fire	50	1		0
3018	21	1	32	0	1	0	0	0	0	0	0	0	0	fire	50	1		0
3019	1	1	2	0	1	0	-53	-53	-53	-53	-53	-53	-53	fire	50	1		0
3020	35	1	50	0	1	-2	20	20	10	17	20	20	20	fire	40	1		0
3021	30	1	35	0	1	0	15	16	7	12	16	16	16	fire	40	1		0
3022	43	1	65	0	1	0	20	17	12	13	13	13	13	fire	100	1		0
3023	52	1	64	0	1	0	20	17	10	14	14	14	14	fire	40	1		0
3024	11	1	17	0	2	0	5	15	15	0	5	5	5	fire	25	1		0
3025	15	1	23	0	2	0	5	15	15	0	5	5	5	fire	25	1		0
3026	23	1	32	0	1	0	0	5	5	0	0	0	0	fire	25	1		0
3027	23	1	30	0	2	0	5	15	15	0	5	5	5	fire	20	1		0
3028	1	1	5	0	1	0	-15	-15	-15	-15	-15	-15	-15	-	0	1		0
3045	4	1	12	0	1	0	0	0	0	0	0	0	0	-	0	1		0
3046	7	1	16	0	1	0	4	6	8	4	4	4	4	-	0	1		0
3049	24	1	29	0	1	0	0	0	0	0	0	0	0	-	0	1		0
3050	36	1	49	0	1	0	1	1	0	0	0	0	0	-	0	1		0
3055	10	1	24	0	1	0	0	3	2	-3	2	2	2	-	0	0		0
3056	3	1	18	0	1	0	0	3	2	-3	2	2	2	-	0	0		0
3057	10	1	24	0	1	0	0	3	2	-3	2	2	2	-	0	0		0
3058	10	1	24	0	1	0	0	3	2	-3	2	2	2	-	0	0		0
3059	3	1	18	0	1	0	0	3	2	-3	2	2	2	-	0	0		0
3060	3	1	18	0	1	0	0	3	2	-3	2	2	2	-	0	0		0
3061	3	1	18	0	1	0	0	3	2	-3	2	2	2	-	0	0		0
3062	10	1	24	0	1	0	0	3	2	-3	2	2	2	-	0	0		0
3064	3	1	18	0	1	0	0	3	2	-3	2	2	2	-	0	0		0
3065	3	1	18	0	1	0	0	3	2	-3	2	2	2	-	0	0		0
3066	3	1	18	0	1	0	0	3	2	-3	2	2	2	-	0	0		0
3067	3	1	18	0	1	0	0	3	2	-3	2	2	2	-	0	0		0
3068	10	1	24	0	1	0	0	3	2	-3	2	2	2	-	0	0		0
3069	10	1	24	0	1	0	0	3	2	-3	2	2	2	-	0	0		0
3070	3	1	18	0	1	0	0	3	2	-3	2	2	2	-	0	0		0
3071	3	1	18	0	1	0	0	3	2	-3	2	2	2	-	0	0		0
3072	3	1	20	0	1	0	9	10	10	-3	5	5	5	-	0	0		0
3106	1	1	7	0	1	0	-21	-21	-21	-21	-21	-21	-21	-	0	0		0
3107	1	1	7	0	1	0	-21	-21	-21	-21	-21	-21	-21	-	0	0		0
3108	1	1	7	0	1	0	-21	-21	-21	-21	-21	-21	-21	-	0	0		0
3109	1	1	7	0	1	0	-21	-21	-21	-21	-21	-21	-21	-	0	0		0
3110	1	1	7	0	1	0	-21	-21	-21	-21	-21	-21	-21	-	0	0		0
3111	1	1	7	0	1	0	-21	-21	-21	-21	-21	-21	-21	-	0	0		0
3112	1	1	7	0	1	0	-21	-21	-21	-21	-21	-21	-21	-	0	0		0
3113	1	1	7	0	1	0	-21	-21	-21	-21	-21	-21	-21	-	0	0		0
3114	8	1	12	0	1	0	0	0	0	0	0	0	0	-	0	0		0
3120	15	15	10	0	1	0	0	0	0	0	0	0	0	water	40	1		0
3123	120	120	80	0	4	0	0	0	0	0	0	0	0	water	40	1		0
3125	240	240	160	60	5	0	0	0	0	0	0	0	0	water	40	1		0
3127	480	480	250	60	5	0	0	0	0	0	0	0	0	water	40	1		0
3128	60	120	60	0	1	0	0	0	0	100	100	100	100	water	40	1		0
3129	270	200	255	0	5	0	70	80	80	80	80	80	80	water	30	1	demon	0
3130	125	50	142	0	3	0	0	0	0	-5	0	0	0	water	40	1	demon	0
3131	127	50	150	0	2	0	0	0	0	-5	0	0	0	water	40	1	demon	0
3132	153	150	161	0	3	0	0	0	0	10	0	0	0	water	25	1	demon	0
3133	106	1	116	0	2	0	0	0	0	0	0	0	0	-	0	1	demon	0
3134	6	1	10	0	1	0	-42	-42	-42	-42	-42	-42	-42	water	10	0	demon	0
3135	85	1	92	0	1	0	-21	-21	-21	-21	-21	-21	-21	-	0	1		0
3136	85	1	92	0	1	0	-21	-21	-21	-21	-21	-21	-21	-	0	1		0
3137	81	1	60	0	1	0	0	0	0	0	0	0	0	-	0	1	vampyre1	0
3138	30	1	134	0	2	0	0	0	0	0	0	0	0	-	0	1	demon	0
3139	22	1	48	0	1	0	10	10	10	0	10	10	10	water	100	1	fiery,demon	0
3140	19	1	20	0	1	0	0	0	0	0	0	0	0	fire	100	1	demon	0
3141	135	1	128	0	2	-2	0	0	0	0	0	0	0	-	0	0		0
3159	100	1	100	0	1	0	0	0	0	0	0	0	0	air	30	1	spectral	0
3160	80	1	120	0	1	0	0	0	0	0	0	0	0	air	30	1	spectral	0
3161	61	180	75	0	1	0	0	0	0	0	0	0	0	air	30	1	spectral	0
3162	260	200	255	0	5	0	180	180	180	200	200	200	200	air	30	1	flying	0
3163	160	150	121	0	2	0	0	0	0	0	0	0	0	air	30	1	flying	0
3164	175	50	132	0	2	0	0	0	0	0	0	0	0	air	30	1	flying	0
3165	175	50	133	0	2	0	0	0	0	0	0	0	0	air	30	1	flying	0
3166	120	1	98	0	2	0	23	25	13	35	35	35	35	air	30	1	spectral	0
3167	130	1	89	0	2	0	17	16	8	35	41	41	41	air	30	1	spectral	0
3168	111	150	86	0	2	0	9	12	5	45	28	28	28	air	30	1	spectral	0
3169	70	1	70	0	2	0	0	0	0	0	-20	0	0	air	45	1	flying	0
3170	70	1	83	0	2	0	0	0	0	0	-20	0	0	air	45	1	flying	0
3171	70	1	86	0	2	0	0	0	0	0	-20	0	0	air	45	1	flying	0
3172	100	1	86	0	2	0	0	0	0	0	-20	0	0	air	45	1	flying	0
3173	100	1	95	0	2	0	0	0	0	0	-20	0	0	air	45	1	flying	0
3174	100	1	98	0	2	0	0	0	0	0	-20	0	0	air	45	1	flying	0
3175	160	1	124	0	2	0	0	0	0	0	-20	0	0	air	45	1	flying	0
3176	160	1	139	0	2	0	0	0	0	0	-20	0	0	air	45	1	flying	0
3177	55	1	63	0	2	0	0	0	0	0	-20	0	0	air	45	1	flying	0
3178	55	1	67	0	2	0	0	0	0	0	-20	0	0	air	45	1	flying	0
3179	55	1	77	0	2	0	0	0	0	0	-20	0	0	air	45	1	flying	0
3180	115	1	69	0	2	0	0	0	0	0	-20	0	0	air	45	1	flying	0
3181	115	1	75	0	2	0	0	0	0	0	-20	0	0	air	45	1	flying	0
3182	115	1	79	0	2	0	0	0	0	0	-20	0	0	air	45	1	flying	0
3183	175	1	115	0	2	0	0	0	0	0	-20	0	0	air	45	1	flying	0
3184	25	1	35	0	1	0	0	0	0	0	0	0	0	earth	35	1		0
3185	65	1	95	0	1	0	50	50	50	50	50	50	50	earth	35	1		0
3233	35	1	45	0	1	0	0	0	0	0	0	0	0	-	0	0		0
3234	65	50	50	0	1	0	0	0	0	0	0	0	0	-	0	1	vampyre1	0
3237	55	40	40	0	1	0	0	0	0	0	0	0	0	-	0	1	vampyre1	0
3243	8	1	12	0	1	0	0	0	0	0	0	0	0	-	0	0		0
3244	8	1	12	0	1	0	0	0	0	0	0	0	0	-	0	0		0
3252	12	1	17	0	1	0	0	0	0	0	0	0	0	-	0	0		0
3253	12	0	17	0	1	0	0	0	0	0	0	0	0	-	0	0		0
3254	14	1	22	0	1	0	18	25	19	-4	20	20	20	-	0	0		0
3257	5	10	14	0	1	0	0	0	0	3	0	0	0	-	0	0		0
3258	32	25	30	0	1	0	0	0	0	0	0	0	0	-	0	0		0
3260	22	1	20	6	1	0	40	41	37	-10	38	38	38	-	0	0		0
3261	1	1	7	0	1	0	0	0	0	0	0	0	0	-	0	0		0
3262	5	1	14	0	1	0	1	1	0	0	0	0	0	-	0	0		0
3263	1	1	7	0	1	0	-21	-21	-21	-21	-21	-21	-21	-	0	0		0
3264	1	1	7	0	1	0	-21	-21	-21	-21	-21	-21	-21	-	0	0		0
3265	1	1	7	0	1	0	-21	-21	-21	-21	-21	-21	-21	-	0	0		0
3269	14	1	22	0	1	0	18	25	19	-4	20	20	20	-	0	0		0
3270	16	1	22	0	1	0	13	17	14	-4	15	15	15	-	0	0		0
3271	16	1	22	0	1	0	5	5	5	-4	5	5	5	-	0	0		0
3273	16	1	22	0	1	0	5	5	5	-4	5	5	5	-	0	0		0
3274	16	1	22	0	1	0	5	5	5	-4	5	5	5	-	0	0		0
3275	7	1	7	0	1	0	0	0	0	0	0	0	0	-	0	0		0
3276	5	1	7	0	1	0	0	0	0	0	0	0	0	-	0	0		0
3279	3	1	7	0	1	0	5	5	5	5	5	5	5	-	0	0		0
3280	1	1	7	0	1	0	-5	-5	-5	-5	-5	-5	-5	-	0	0		0
3281	1	1	7	0	1	0	-15	-15	-15	-15	-15	-15	-15	-	0	0		0
3282	1	1	7	0	1	0	-10	-10	-10	-10	-10	-10	-10	-	0	0		0
3283	18	1	22	0	1	0	5	5	5	-4	5	5	5	-	0	0		0
3284	1	1	7	0	1	0	-21	-21	-21	-21	-21	-21	-21	-	0	0		0
3285	1	1	7	0	1	0	-21	-21	-21	-21	-21	-21	-21	-	0	0		0
3286	24	1	29	0	1	0	0	0	0	0	0	0	0	-	0	1		0
3287	24	1	29	0	1	0	0	0	0	0	0	0	0	-	0	1		0
3288	24	1	29	0	1	0	0	0	0	0	0	0	0	-	0	1		0
3289	24	1	29	0	1	0	0	0	0	0	0	0	0	-	0	1		0
3292	4	1	19	0	1	0	12	15	10	-1	12	12	12	-	0	0		0
3293	54	1	57	0	1	0	87	84	76	-10	79	79	79	-	0	0		0
3294	54	1	57	0	1	0	87	84	76	-10	79	79	79	-	0	0		0
3295	54	1	82	0	1	0	87	84	76	-10	79	79	79	-	0	0		0
3296	8	1	17	0	1	0	4	3	5	0	0	0	0	-	0	0		0
3297	31	1	52	0	1	0	39	40	36	-11	36	36	36	-	0	0		0
3298	1	1	7	0	1	0	-21	-21	-21	-21	-21	-21	-21	-	0	0		0
3299	1	1	7	0	1	0	-21	-21	-21	-21	-21	-21	-21	-	0	0		0
3300	31	1	52	0	1	0	0	0	0	0	0	0	0	-	0	0		0
3301	20	1	50	0	1	0	18	23	27	10	19	19	19	-	0	0		0
3313	1	1	3	0	2	0	-100	-100	-100	0	-100	-100	-100	-	0	0		0
3314	1	1	3	0	2	0	-100	-100	-100	0	-100	-100	-100	-	0	0		0
3315	1	1	3	0	2	0	-100	-100	-100	0	-100	-100	-100	-	0	0		0
3316	1	1	3	0	1	0	0	0	0	0	0	0	0	-	0	0		0
3328	84	1	108	0	1	0	0	0	0	0	0	0	0	-	0	0		0
3329	52	1	70	0	2	0	0	0	0	0	0	0	0	-	0	0		0
3330	60	1	100	0	1	0	0	0	0	0	0	0	0	-	0	0		0
3353	14	26	32	0	1	0	0	0	0	0	0	0	0	-	0	0		0
3354	48	1	58	0	1	0	0	0	0	0	0	0	0	-	0	0		0
3355	5	1	40	0	1	0	0	0	0	0	0	0	0	-	0	0		0
3356	86	1	120	0	2	0	0	0	0	0	0	0	0	-	0	0		0
3357	142	136	148	0	2	0	0	0	0	0	0	0	0	water	40	0	demon	0
3358	34	1	58	0	1	0	0	0	0	0	0	0	0	air	35	0	undead	0
3359	42	1	60	0	2	0	0	0	0	0	0	0	0	fire	50	0		0
3360	123	1	123	0	1	0	0	0	0	0	0	0	0	-	0	0		0
3400	10	1	150	0	1	0	-10	-10	-10	-10	-10	-10	-10	-	0	0		0
3420	1	1	5	0	1	0	-42	-42	-42	-42	-42	-42	-42	fire	20	0		0
3423	35	1	35	0	2	0	0	0	0	0	0	0	0	fire	20	1		0
3424	25	1	35	0	2	0	0	0	0	0	0	0	0	fire	20	1		0
3425	28	1	35	0	1	0	0	0	0	0	0	0	0	fire	20	1		0
3426	75	1	85	0	2	0	0	0	0	0	0	0	0	-	0	1		0
3428	80	1	105	0	1	0	50	50	50	60	70	70	70	-	0	1		0
3429	80	1	105	0	1	0	50	70	70	60	50	50	50	-	0	1		0
3443	10	1	17	0	1	0	6	8	7	-1	4	4	4	-	0	0		0
3445	37	1	50	0	1	0	43	55	50	-12	51	51	51	-	0	0		0
3446	37	1	40	0	1	0	43	55	50	-12	51	51	51	-	0	0		0
3448	78	62	59	0	1	0	34	37	35	-7	35	35	35	-	0	0		0
3449	54	1	62	0	1	0	0	0	0	0	0	0	0	-	0	1		0
3456	135	1	130	0	1	0	100	100	100	0	0	0	0	-	0	0		0
3458	135	1	130	0	1	0	35	60	35	0	0	0	0	fire	10	1		0
3459	99	1	200	0	1	0	10	150	150	0	0	0	0	-	0	1	vampyre1	0
3473	240	1	180	0	5	0	0	0	0	0	0	0	0	-	0	0		0
3474	120	1	230	0	3	0	0	0	0	0	0	0	0	-	0	0		0
3475	434	1	90	0	2	0	0	0	0	0	0	0	0	-	0	0		0
3476	105	1	144	0	1	0	0	0	0	0	0	0	0	-	0	0		0
3477	85	1	59	0	1	0	0	0	0	0	0	0	0	-	0	0		0
3481	30	1	35	0	1	0	2	1	3	0	0	0	0	-	0	1	vampyre1	0
3484	22	25	20	0	1	0	0	0	0	0	0	0	0	-	0	0		0
3485	12	25	10	0	1	0	0	0	0	0	0	0	0	-	0	0		0
3486	25	40	25	0	1	0	0	0	0	0	0	0	0	-	0	0		0
3508	145	1	120	0	2	0	0	0	0	0	0	0	0	air	15	0		0
3517	28	1	48	0	1	0	99	82	62	0	0	0	0	-	0	0		0
3518	80	1	80	0	1	0	0	0	0	0	0	0	0	-	0	0		0
3527	33	1	38	0	1	0	99	82	45	0	0	0	0	-	0	0		0
3544	3	1	6	0	1	0	0	0	0	0	0	0	0	-	0	0		0
3549	20	0	60	0	1	0	9	8	10	0	0	0	0	-	0	0		0
3550	20	0	60	0	1	0	9	8	10	0	0	0	0	-	0	0		0
3551	50	80	75	0	1	0	9	8	10	0	0	0	0	-	0	0		0
3565	17	1	29	0	1	0	9	11	-2	1	4	4	4	earth	35	1	undead	0
3600	90	1	90	0	2	-2	0	0	0	0	0	0	0	earth	40	0		0
3601	22	1	24	0	2	0	0	0	0	0	0	0	0	-	0	0		0
3602	36	1	35	0	1	0	0	0	0	0	0	0	0	fire	25	0		0
3603	45	1	35	0	1	0	0	0	0	0	0	0	0	-	0	0		0
3604	81	1	60	0	3	0	0	0	0	0	0	0	0	-	0	0		0
3605	17	1	18	0	1	0	0	0	0	0	0	0	0	-	0	0		0
3607	10	1	12	0	1	0	0	0	0	0	0	0	0	-	0	1	rat	0
3612	40	1	40	0	1	0	15	10	5	5	10	10	10	-	0	0		0
3615	38	1	39	0	1	0	9	11	-2	1	4	4	4	-	0	1		0
3616	100	1	100	0	1	0	5	5	5	-5	5	5	5	air	25	1	spectral,undead	0
3625	28	1	30	0	1	0	5	5	5	-5	5	5	5	air	50	1	undead,spectral	0
3652	1	1	7	0	1	0	-21	-21	-21	-21	-21	-21	-21	-	0	0		0
3661	1	1	3	0	1	0	-42	-42	-42	-42	-42	-42	-42	-	0	1		0
3663	1	1	5	0	1	0	-42	-42	-42	-42	-42	-42	-42	-	0	1		0
3664	1	1	5	0	1	0	-42	-42	-42	-42	-42	-42	-42	fire	20	0		0
3674	1	1	1	0	1	0	0	0	0	0	0	0	0	-	0	0		0
3675	1	1	1	0	1	0	0	0	0	0	0	0	0	-	0	0		0
3676	1	1	1	0	1	0	0	0	0	0	0	0	0	-	0	0		0
3677	1	1	1	0	1	0	0	0	0	0	0	0	0	-	0	0		0
3678	1	1	1	0	1	0	0	0	0	0	0	0	0	-	0	0		0
3681	3	1	1	0	1	0	-12	-12	-12	-12	-12	-12	-12	-	0	0		0
3682	3	1	1	0	1	0	-12	-12	-12	-12	-12	-12	-12	-	0	0		0
3683	3	1	1	0	1	0	-12	-12	-12	-12	-12	-12	-12	-	0	0		0
3684	3	1	1	0	1	0	-12	-12	-12	-12	-12	-12	-12	-	0	0		0
3685	3	1	1	0	1	0	-12	-12	-12	-12	-12	-12	-12	-	0	0		0
3686	3	1	1	0	1	0	-12	-12	-12	-12	-12	-12	-12	-	0	0		0
3687	3	1	1	0	1	0	-12	-12	-12	-12	-12	-12	-12	-	0	0		0
3692	30	1	60	0	1	0	0	0	0	0	0	0	0	-	0	1	vampyre1	0
3694	30	1	85	0	1	0	0	0	0	0	0	0	0	-	0	1	vampyre2	0
3707	60	1	80	0	1	0	0	0	0	0	0	0	0	-	0	1	vampyre1	0
3709	85	105	90	0	1	0	0	0	0	0	0	0	0	-	0	1	vampyre3	0
3710	85	110	90	0	1	0	0	0	0	0	0	0	0	-	0	1	vampyre3	0
3711	85	120	105	0	1	0	0	0	0	0	0	0	0	-	0	1	vampyre3	0
3712	85	120	110	0	1	0	0	0	0	0	0	0	0	-	0	1	vampyre3	0
3734	150	150	155	0	1	0	0	0	0	0	0	0	0	-	0	0	vampyre3	0
3851	30	1	85	0	2	0	0	0	0	0	0	0	0	fire	50	1		0
3863	25	1	50	0	1	0	0	0	0	0	0	0	0	-	0	0		0
3865	25	1	50	0	1	0	0	0	0	0	0	0	0	-	0	0		0
3869	25	1	50	0	1	0	0	0	0	0	0	0	0	-	0	0		0
3897	20	1	30	0	1	0	20	20	20	20	20	20	20	-	0	0		0
3898	40	1	50	0	1	0	40	40	40	40	40	40	40	-	0	0		0
3899	60	1	70	0	1	0	60	60	60	60	60	60	60	-	0	0		0
3900	255	1	255	0	1	0	0	0	0	0	0	0	0	-	0	0		0
3901	20	1	30	0	1	0	30	30	30	30	30	30	30	fire	25	0		0
3902	1	1	5	0	1	0	-42	-42	-42	-42	-42	-42	-42	-	0	0		0
3903	1	1	5	0	1	0	-42	-42	-42	-42	-42	-42	-42	-	0	0		0
3908	10	1	20	0	1	0	0	0	0	0	0	0	0	fire	25	1		0
3910	10	1	15	0	2	0	0	0	0	0	0	0	0	-	0	0		0
3911	18	1	25	0	2	0	0	0	0	0	0	0	0	-	0	0		0
3912	52	1	69	0	2	0	0	0	0	0	0	0	0	fire	25	1		0
3922	60	1	60	0	1	0	100	100	100	500	500	500	500	air	50	0	undead	0
3938	40	1	50	0	1	0	0	0	0	0	0	0	0	-	0	0		0
3939	40	1	50	0	1	0	0	0	0	0	0	0	0	-	0	0		0
3940	40	1	50	0	1	0	0	0	0	0	0	0	0	-	0	0		0
3943	40	1	50	0	1	0	0	0	0	0	0	0	0	-	0	0		0
3944	40	1	50	0	1	0	0	0	0	0	0	0	0	-	0	0		0
3949	40	1	50	0	1	0	50	50	50	50	50	50	50	-	0	0		0
3950	40	1	50	0	1	0	50	50	50	50	50	50	50	-	0	0		0
3957	65	65	65	0	1	0	0	0	0	0	0	0	0	-	0	0		0
3958	147	0	150	0	1	0	0	0	0	0	0	0	0	-	0	0		0
3959	76	0	90	0	1	0	0	0	0	0	0	0	0	-	0	0		0
3962	167	160	150	0	3	0	0	0	0	0	0	0	0	water	10	0	demon	0
3963	70	0	80	0	1	0	0	0	0	0	0	0	0	-	0	0		0
3964	86	0	120	0	1	0	18	22	20	-1	20	20	20	air	10	0	spectral	0
3965	81	0	125	0	1	0	27	31	29	-1	29	29	29	air	15	0	spectral	0
3966	66	0	130	0	1	0	38	40	36	0	38	38	38	air	10	0	spectral	0
3969	2	1	5	0	2	0	0	0	0	0	0	0	0	fire	50	1	rat,undead	0
3970	2	1	5	0	2	0	0	0	0	0	0	0	0	fire	50	1	rat,undead	0
3971	2	1	5	0	1	0	0	0	0	0	0	0	0	fire	50	1	rat,undead	0
3972	17	1	29	0	1	0	9	11	-2	1	4	4	4	earth	35	1	undead	0
3973	17	1	29	0	1	0	9	11	-2	1	4	4	4	earth	35	1	undead	0
3974	17	1	29	0	1	0	9	11	-2	1	4	4	4	earth	35	1	undead	0
3975	18	1	25	0	1	0	5	5	5	-5	5	5	5	air	50	1	undead,spectral	0
3976	18	1	25	0	1	0	5	5	5	-5	5	5	5	air	50	1	undead,spectral	0
3977	18	1	25	0	1	0	5	5	5	-5	5	5	5	air	50	1	undead,spectral	0
3978	18	1	25	0	1	0	5	5	5	-5	5	5	5	air	50	1	undead,spectral	0
3979	18	1	25	0	1	0	5	5	5	-5	5	5	5	air	50	1	undead,spectral	0
3980	16	1	30	0	1	0	9	8	12	10	11	11	11	fire	50	1	undead	0
3982	71	1	79	0	2	0	0	0	0	-10	0	0	0	water	40	1	demon	0
3996	19	1	21	0	1	0	0	0	0	0	0	0	0	-	0	0		0
3997	29	1	31	0	1	0	0	0	0	0	0	0	0	-	0	0		0
3998	39	1	41	0	2	0	0	0	0	0	0	0	0	-	0	0		0
3999	49	1	51	0	2	0	0	0	0	0	0	0	0	-	0	0		0
4004	5	90	15	0	1	0	30	30	30	30	30	30	30	air	40	0		0
4005	120	160	220	0	3	0	30	40	100	90	100	100	100	earth	60	1		0
4043	50	1	52	0	1	0	0	0	0	0	0	0	0	-	0	1		0
4067	91	1	142	0	1	0	18	27	18	1000	1000	1000	1000	-	0	0		0
4088	40	1	50	0	1	0	15	23	21	6	14	14	14	-	0	0		0
4095	3	1	10	0	1	0	-12	-12	-12	-12	-12	-12	-12	-	0	0		0
4096	40	1	50	0	1	0	39	50	49	18	45	45	45	-	0	0		0
4099	30	1	40	0	1	0	36	48	50	-4	38	38	38	-	0	0		0
4100	30	1	40	0	1	0	36	48	50	-4	38	38	38	-	0	0		0
4104	3	1	10	0	1	0	-12	-12	-12	-12	-12	-12	-12	-	0	0		0
4107	3	1	10	0	1	0	-12	-12	-12	-12	-12	-12	-12	-	0	0		0
4108	3	1	10	0	1	0	-12	-12	-12	-12	-12	-12	-12	-	0	0		0
4109	3	1	10	0	1	0	-12	-12	-12	-12	-12	-12	-12	-	0	0		0
4110	3	1	10	0	1	0	-12	-12	-12	-12	-12	-12	-12	-	0	0		0
4111	3	1	10	0	1	0	-12	-12	-12	-12	-12	-12	-12	-	0	0		0
4114	21	1	52	0	1	0	83	76	70	-11	74	74	54	-	0	0		0
4115	135	1	255	0	1	0	100	100	100	0	0	0	0	water	30	0		0
4120	40	0	140	0	2	0	35	60	35	200	200	120	200	earth	20	1		0
4121	40	0	140	0	2	0	35	60	35	200	200	120	200	earth	20	1		0
4122	40	0	140	0	2	0	35	60	35	200	200	120	200	earth	20	1		0
4123	25	0	90	0	1	0	0	0	10	200	200	200	200	earth	20	1		0
4130	50	0	120	0	3	0	25	25	40	200	200	200	200	earth	40	1		0
4131	25	0	90	0	2	0	0	0	10	200	200	200	200	earth	20	1		0
4132	25	0	90	0	2	0	0	0	10	200	200	200	200	earth	20	1		0
4133	25	0	90	0	2	0	0	0	10	200	200	200	200	earth	20	1		0
4134	25	0	90	0	2	0	0	0	10	200	200	200	200	earth	20	1		0
4135	15	0	95	0	1	0	0	0	0	200	200	120	200	earth	20	1		0
4143	25	0	90	0	1	0	0	0	10	200	200	40	200	earth	50	1		0
4163	30	1	75	0	1	0	0	0	0	0	0	0	0	-	0	0		0
4167	25	1	20	0	1	0	0	0	0	0	0	0	0	-	0	0		0
4168	25	1	20	0	1	0	0	0	0	0	0	0	0	-	0	0		0
4169	25	1	20	0	1	0	0	0	0	0	0	0	0	-	0	0		0
4170	25	1	20	0	1	0	0	0	0	0	0	0	0	-	0	0		0
4171	25	1	20	0	1	0	0	0	0	0	0	0	0	-	0	0		0
4172	25	1	20	0	1	0	0	0	0	0	0	0	0	-	0	0		0
4173	25	1	20	0	1	0	0	0	0	0	0	0	0	-	0	0		0
4174	25	1	20	0	1	0	0	0	0	0	0	0	0	-	0	0		0
4175	25	1	20	0	1	0	0	0	0	0	0	0	0	-	0	0		0
4176	25	1	20	0	1	0	0	0	0	0	0	0	0	-	0	0		0
4184	54	1	62	0	2	0	20	12	22	10	20	20	20	earth	40	1		0
4185	15	1	27	0	1	0	0	0	0	0	0	0	0	fire	10	1		0
4192	30	1	25	0	1	0	90	90	5	90	90	90	90	fire	50	1	kalphite	0
4195	40	1	75	0	1	0	0	0	0	0	0	0	0	air	40	0		0
4196	40	85	70	0	1	0	65	65	65	50	0	0	0	air	40	0		0
4197	40	1	50	0	1	0	30	30	30	0	70	70	70	air	40	0		0
4198	40	40	60	0	1	0	15	15	15	70	70	70	70	air	40	0		0
4210	40	60	90	0	1	0	90	0	90	0	0	0	0	-	0	0		0
4246	3	1	5	0	1	0	0	0	0	0	0	0	0	-	0	0		0
4247	9	1	17	0	1	0	8	13	14	4	9	9	9	-	0	0		0
4248	16	0	37	0	1	0	8	14	15	4	9	9	9	-	0	0		0
4276	21	1	32	0	1	0	8	9	10	4	9	9	9	-	0	0		0
4277	21	1	32	0	1	0	8	9	10	4	9	9	9	-	0	0		0
4278	21	1	32	0	1	0	8	9	10	4	9	9	9	-	0	0		0
4279	21	1	32	0	1	0	8	9	10	4	9	9	9	-	0	0		0
4308	60	1	100	0	1	0	0	0	0	0	0	0	0	earth	15	0		0
4309	50	1	80	0	1	0	0	0	0	0	0	0	0	earth	15	0		0
4310	75	1	80	0	1	0	0	0	0	0	0	0	0	earth	15	0		0
4311	90	1	80	0	1	0	0	0	0	0	0	0	0	earth	15	0		0
4315	100	150	200	0	5	0	20	40	40	40	0	0	0	earth	15	0		0
4319	60	100	80	0	1	0	0	0	0	15	0	0	0	earth	35	1	undead	0
4342	99	1	105	0	1	0	275	65	45	0	0	0	0	-	0	0		0
4343	100	1	100	0	1	0	250	250	50	0	0	0	0	-	0	0		0
4344	110	1	115	0	1	0	300	85	300	0	0	0	0	-	0	0		0
4345	99	1	90	0	1	0	15	0	190	0	0	0	0	-	0	0		0
4346	99	1	105	0	1	0	0	0	225	0	0	0	0	-	0	0		0
4347	98	1	99	0	1	0	200	-5	5	0	0	0	0	-	0	0		0
4348	100	1	110	0	1	0	65	90	300	0	0	0	0	-	0	0		0
4349	100	1	110	0	1	0	45	300	65	0	0	0	0	-	0	0		0
4362	75	1	60	0	2	0	10	21	16	0	0	0	0	earth	20	1		0
4367	54	1	80	0	2	0	15	27	21	0	0	0	0	-	0	1		0
4373	70	1	80	0	2	0	13	24	19	0	0	0	0	-	0	1		0
4381	70	1	80	0	2	0	13	24	19	0	0	0	0	-	0	1		0
4382	99	1	99	0	2	0	0	0	0	0	0	0	0	-	0	0		0
4383	1	1	1	0	2	0	0	0	0	0	0	0	0	-	0	0		0
4387	1	1	1	0	2	0	0	0	0	0	0	0	0	-	0	0		0
4389	1	1	1	0	2	0	0	0	0	0	0	0	0	-	0	0		0
4391	1	1	1	0	2	0	0	0	0	0	0	0	0	-	0	0		0
4393	1	1	1	0	2	0	0	0	0	0	0	0	0	-	0	0		0
4395	1	1	1	0	2	0	0	0	0	0	0	0	0	-	0	0		0
4405	26	1	22	0	1	0	23	35	28	0	0	0	0	-	0	0		0
4406	25	1	65	0	1	0	39	31	34	0	0	0	0	-	0	0		0
4427	30	1	85	0	1	0	0	0	0	0	0	0	0	-	0	1	vampyre2	0
4436	30	1	60	0	1	0	0	0	0	0	0	0	0	-	0	1	vampyre1	0
4442	35	1	110	0	1	0	0	0	0	0	0	0	0	-	0	1	vampyre2	0
4443	30	1	60	0	1	0	0	0	0	0	0	0	0	-	0	1	vampyre2	0
4483	70	1	20	0	1	0	10	10	10	10	10	10	10	-	0	0		0
4491	30	1	25	0	1	0	14	18	15	-4	15	15	15	earth	35	1	undead	0
4494	35	1	35	0	1	0	14	18	15	-4	15	15	15	earth	35	1	undead	0
4497	40	1	40	0	1	0	14	18	15	-4	15	15	15	earth	35	1	undead	0
4500	82	1	60	0	1	0	0	0	0	0	0	0	0	-	0	1	undead	0
4501	40	1	50	0	1	0	0	0	0	0	0	0	0	-	0	1	rat	0
4504	22	1	32	0	1	0	10	10	12	10	8	8	8	air	10	1		0
4522	12	1	30	0	1	0	7	7	0	0	7	7	7	-	0	0		0
4533	35	1	32	0	1	0	15	16	7	12	16	16	16	fire	50	1		0
4534	1	1	30	0	2	0	-24	-24	-24	-24	-24	-24	-24	-	0	1	rat	0
4535	1	1	30	0	2	0	-24	-24	-24	-24	-24	-24	-24	-	0	1	rat	0
4561	1	1	2	0	1	0	-53	-53	-53	-53	-53	-53	-53	fire	50	1		0
4634	7	0	16	0	1	0	0	0	0	0	0	0	0	-	0	0		0
4635	32	0	80	0	1	0	17	15	19	-3	19	19	19	-	0	0		0
4643	16	0	32	0	1	0	12	15	18	6	15	15	15	-	0	0		0
4649	22	0	34	0	2	0	0	0	0	0	0	0	0	-	0	1		0
4650	22	0	34	0	2	0	0	0	0	0	0	0	0	-	0	1		0
4651	22	0	34	0	2	0	0	0	0	0	0	0	0	-	0	1		0
4652	35	0	45	0	2	0	0	0	0	0	0	0	0	-	0	0		0
4655	60	0	50	0	1	0	0	0	0	0	0	0	0	-	0	0		0
4656	39	0	60	0	1	0	17	15	19	-3	19	19	19	-	0	0		0
4657	39	0	60	0	1	0	17	15	19	-3	19	19	19	-	0	0		0
4658	39	0	60	0	1	0	17	15	19	-3	19	19	19	-	0	0		0
4659	39	0	60	0	1	0	17	15	19	-3	19	19	19	-	0	0		0
4660	39	0	60	0	1	0	17	15	19	-3	19	19	19	-	0	0		0
4661	39	0	60	0	1	0	17	15	19	-3	19	19	19	-	0	0		0
4662	39	0	60	0	1	0	17	15	19	-3	19	19	19	-	0	0		0
4664	39	0	60	0	1	0	17	15	19	-3	19	19	19	-	0	0		0
4665	39	0	60	0	1	0	17	15	19	-3	19	19	19	-	0	0		0
4682	15	1	20	0	1	0	0	0	0	0	0	0	0	-	0	0		0
4688	38	1	50	0	2	0	0	0	0	0	0	0	0	-	0	0		0
4689	38	1	50	0	1	0	0	0	0	0	0	0	0	-	0	0		0
4691	38	1	50	0	1	0	0	0	0	0	0	0	0	-	0	0		0
4692	38	1	50	0	2	0	0	0	0	0	0	0	0	-	0	0		0
4693	45	1	57	0	2	0	0	0	0	0	0	0	0	-	0	0		0
4694	52	1	64	0	2	0	0	0	0	0	0	0	0	-	0	0		0
4695	59	1	71	0	2	0	0	0	0	0	0	0	0	fire	40	0		0
4708	25	1	100	0	3	0	0	0	0	10000	10000	10000	10000	-	0	0		0
4742	80	1	80	0	1	0	300	300	1	300	300	300	300	-	0	0	golem	0
4743	80	1	80	0	1	0	1	300	300	300	300	300	300	-	0	0	golem	0
4744	80	1	80	0	1	0	300	1	300	300	300	300	300	-	0	0	golem	0
4757	14	1	22	0	1	0	18	25	19	-4	20	20	20	-	0	0		0
4758	14	1	22	0	1	0	18	25	19	-4	20	20	20	-	0	0		0
4759	14	1	22	0	1	0	18	25	19	-4	20	20	20	-	0	0		0
4763	1	1	1	0	1	0	0	0	0	0	0	0	0	-	0	0		0
4764	1	1	1	0	1	0	0	0	0	0	0	0	0	-	0	0		0
4772	15	1	22	0	1	0	14	18	14	-4	15	15	15	-	0	0		0
4773	15	1	22	0	1	0	14	18	14	-4	15	15	15	-	0	0		0
4774	15	1	22	0	1	0	14	18	14	-4	15	15	15	-	0	0		0
4775	15	1	22	0	1	0	14	18	14	-4	15	15	15	-	0	0		0
4776	15	1	22	0	1	0	14	18	14	-4	15	15	15	-	0	0		0
4797	50	1	70	0	2	0	30	30	30	99	99	99	99	-	0	0		0
4799	40	1	50	0	2	0	30	30	15	99	70	50	70	earth	25	1		0
4805	24	1	29	0	1	0	0	0	0	0	0	0	0	-	0	1		0
4813	12	1	15	0	1	0	0	0	0	0	0	0	0	fire	100	1	demon	0
4819	26	1	19	0	2	0	0	0	0	0	0	0	0	earth	20	1		0
4820	26	1	20	0	1	0	0	0	0	0	0	0	0	earth	20	0		0
4821	29	1	20	0	2	0	0	0	0	0	0	0	0	earth	20	0		0
4822	22	1	18	0	1	0	0	0	0	0	0	0	0	earth	20	1		0
4863	6	1	20	0	3	0	0	0	0	0	0	0	0	-	0	1		0
4880	82	100	200	0	3	0	100	100	60	100	100	100	60	-	0	0		0
4881	75	1	210	0	5	0	50	50	5	5	50	50	50	water	50	0		0
4882	100	1	250	0	1	0	150	150	150	150	150	150	150	fire	40	0		0
4883	99	1	130	0	1	0	10	150	150	0	0	0	0	-	0	0		0
4884	81	1	240	0	3	0	150	150	150	50	50	50	50	-	0	0		0
4919	18	1	25	0	1	0	16	27	22	0	0	0	0	-	0	0		0
4922	95	1	104	0	1	0	30	40	20	10	30	30	30	fire	100	0		0
4926	10	1	25	0	1	0	30	39	30	0	0	0	0	-	0	0		0
4927	1	1	5	0	2	0	-26	-26	-26	-26	-26	-26	-26	water	100	1		0
4930	25	1	40	0	1	0	5	5	5	72	0	0	0	-	0	0		0
4934	25	1	42	0	1	0	73	76	70	-11	72	72	72	-	0	0		0
4969	12	1	22	0	1	0	33	34	29	-7	-33	-33	-33	-	0	0		0
4970	13	1	22	0	1	0	25	25	22	-7	-25	-25	-25	-	0	0		0
4972	50	1	22	0	1	0	0	0	0	0	0	0	0	-	0	0		0
4973	1	1	3	0	1	0	3	4	5	2	4	4	4	-	0	0		0
4987	173	1	60	0	3	0	0	0	0	0	0	0	0	water	25	0	demon	0
5007	1	1	8	0	1	0	-42	-42	-42	-42	-42	-42	-42	water	10	0	demon	0
5043	9	1	29	0	1	0	46	50	45	-12	45	45	45	-	0	0		0
5054	100	1	55	0	2	0	0	0	0	0	0	0	0	earth	35	1	demon	0
5079	27	1	7	0	2	0	0	0	0	0	0	0	0	-	0	0		0
5126	90	1	95	0	2	0	45	70	60	60	55	25	55	-	0	0		0
5127	86	1	70	0	4	0	30	55	65	50	60	60	60	-	0	0		0
5128	86	1	70	0	4	0	30	55	65	50	60	60	60	-	0	0		0
5129	110	1	160	0	4	0	105	110	130	125	100	80	100	earth	50	0		0
5139	44	1	70	8	1	0	0	0	0	0	0	0	0	-	0	0		0
5141	12	1	30	0	1	0	0	0	0	0	0	0	0	-	0	0		0
5157	30	1	35	0	1	0	5	5	0	0	5	5	5	-	0	0		0
5158	30	30	35	8	1	0	5	5	0	0	5	5	5	-	0	0		0
5185	9	1	16	0	1	0	3	4	4	2	3	3	3	-	0	1		0
5187	9	1	16	0	1	0	3	4	4	2	3	3	3	-	0	1		0
5192	4	1	5	0	1	0	-15	-15	-15	-15	-15	-15	-15	-	0	1		0
5194	40	1	50	0	2	0	0	50	50	40	30	30	30	water	50	0	dragon	0
5213	1	1	8	0	1	0	0	0	0	0	0	0	0	-	0	0		0
5217	12	1	17	0	1	0	0	0	0	0	0	0	0	-	0	0		0
5218	12	1	17	0	1	0	0	0	0	0	0	0	0	-	0	0		0
5219	12	1	17	0	1	0	0	0	0	0	0	0	0	-	0	0		0
5220	12	1	17	0	1	0	0	0	0	0	0	0	0	-	0	0		0
5237	110	110	77	0	1	0	0	0	0	0	0	0	0	earth	35	1	undead	0
5238	1	1	2	0	1	0	0	1	0	1	0	0	0	fire	50	1		0
5240	10	10	10	0	1	0	0	0	0	0	0	0	0	air	25	1		0
5241	5	5	5	0	1	0	0	0	0	0	0	0	0	air	25	1		0
5242	10	10	15	0	1	0	0	0	0	0	0	0	0	fire	25	1		0
5243	10	10	35	0	1	-2	0	0	0	0	0	0	0	fire	40	1		0
5244	10	10	36	0	1	0	0	0	0	0	0	0	0	-	0	0		0
5258	130	130	130	0	1	0	0	0	0	0	0	0	0	-	0	1		0
5259	130	130	130	0	1	0	0	0	0	0	0	0	0	-	0	1		0
5260	130	130	130	0	1	0	0	0	0	0	0	0	0	-	0	1		0
5261	130	130	130	0	1	0	0	0	0	0	0	0	0	-	0	1		0
5262	130	130	130	0	1	0	0	0	0	0	0	0	0	-	0	1		0
5263	130	130	130	0	1	0	0	0	0	0	0	0	0	-	0	0		0
5271	130	130	130	0	1	0	0	0	0	0	0	0	0	-	0	1		0
5272	80	1	50	0	1	0	0	0	0	0	0	0	0	-	0	1		0
5273	80	1	50	0	1	0	0	0	0	0	0	0	0	-	0	1		0
5275	200	130	130	0	2	0	0	0	0	0	0	0	0	-	0	1		0
5276	200	130	130	0	2	0	0	0	0	0	0	0	0	-	0	1		0
5281	60	60	60	0	1	0	0	0	0	0	0	0	0	fire	50	1	undead	0
5282	90	90	90	0	1	0	0	0	0	0	0	0	0	fire	50	1	undead	0
5283	60	60	60	0	1	0	0	0	0	0	0	0	0	fire	50	1	undead	0
5293	80	1	105	0	1	0	50	70	70	60	50	50	50	-	0	1		0
5294	80	1	105	0	1	0	50	70	70	60	50	50	50	-	0	1		0
5295	80	1	105	0	1	0	50	50	50	60	70	70	70	-	0	1		0
5296	80	1	105	0	1	0	50	50	50	60	70	70	70	-	0	1		0
5330	7	1	10	0	1	0	0	0	0	0	0	0	0	fire	40	1		0
5331	7	1	10	0	1	0	0	0	0	0	0	0	0	fire	40	1		0
5332	7	1	10	0	1	0	0	0	0	0	0	0	0	fire	40	1		0
5333	7	1	10	0	1	0	0	0	0	0	0	0	0	fire	40	1		0
5334	25	1	26	0	1	0	1	16	19	-3	12	12	12	-	0	1		0
5335	22	1	26	-4	1	0	0	15	19	-3	12	12	12	fire	40	1		0
5336	7	1	10	0	1	0	0	0	0	0	0	0	0	fire	40	1		0
5337	7	1	10	0	1	0	0	0	0	0	0	0	0	fire	40	1		0
5338	7	1	10	0	1	0	0	0	0	0	0	0	0	fire	40	1		0
5339	7	1	10	0	1	0	0	0	0	0	0	0	0	fire	40	1		0
5342	63	0	47	0	1	0	0	0	0	0	0	0	0	earth	50	1	undead	0
5344	55	0	47	0	1	0	5	5	3	1	4	4	4	earth	50	1	undead	0
5346	63	0	47	0	1	0	0	0	0	0	0	0	0	fire	50	1	undead	0
5349	65	0	59	0	1	0	0	0	0	0	0	0	0	fire	50	1	undead	0
5353	80	0	70	0	2	0	0	0	0	0	0	0	0	fire	40	1	undead	0
5354	58	0	70	0	2	0	5	5	5	5	5	5	5	earth	40	1	undead	0
5355	80	0	80	0	2	0	0	0	0	0	0	0	0	air	20	1	undead,spectral	0
5369	37	1	43	0	1	0	4	6	6	0	0	0	0	-	0	1		0
5370	23	1	20	0	1	0	0	0	0	0	0	0	0	air	50	1	undead,spectral	0
5372	14	1	7	0	1	0	0	3	3	0	0	0	0	fire	40	1		0
5373	28	1	25	0	1	0	20	17	10	14	14	14	14	fire	40	0		0
5418	13	1	22	0	1	0	24	14	19	4	16	16	16	-	0	0		0
5420	31	1	22	0	1	0	24	14	19	-4	16	16	16	-	0	0		0
5421	26	1	22	0	1	0	24	14	19	-4	16	16	16	-	0	0		0
5457	10	0	10	0	1	0	0	0	0	0	0	0	0	-	0	0		0
5500	3	1	5	0	1	0	0	0	0	0	0	0	0	-	0	0		0
5502	3	1	5	0	1	0	0	0	0	0	0	0	0	-	0	0		0
5534	1	1	120	0	2	0	0	0	0	-15	270	270	270	none	0	0		0
5535	1	1	120	0	2	0	0	0	0	-15	270	270	270	earth	50	0		0
5563	100	1	190	0	1	0	0	3	2	-3	2	2	2	air	30	0	spectral	0
5564	100	1	190	0	1	0	0	3	2	-3	2	2	2	air	15	0	spectral	0
5565	100	1	190	0	1	0	0	3	2	-3	2	2	2	air	25	0	spectral	0
5566	100	1	190	0	1	0	0	73	72	-3	72	30	72	air	10	0	spectral	0
5615	70	30	120	0	3	0	0	0	0	0	0	0	0	-	0	0		0
5616	80	30	125	0	4	0	0	0	0	0	0	0	0	-	0	0		0
5617	90	30	130	0	5	0	0	0	0	0	0	0	0	-	0	0		0
5625	60	30	115	0	2	0	0	0	0	0	0	0	0	air	25	0	spectral	0
5626	70	30	135	0	2	0	0	0	0	0	0	0	0	air	25	0	spectral	0
5627	80	30	160	0	2	0	0	0	0	0	0	0	0	air	25	0	spectral	0
5628	60	30	125	0	3	0	0	0	0	0	0	0	0	earth	45	0		0
5629	75	30	150	0	3	0	0	0	0	0	0	0	0	earth	45	0		0
5630	86	30	160	0	3	0	0	0	0	0	0	0	0	earth	45	0		0
5631	60	50	76	0	1	0	0	0	0	0	0	0	0	air	40	1	undead,spectral	0
5632	80	50	94	0	1	0	0	0	0	0	0	0	0	air	40	1	undead,spectral	0
5633	100	50	115	0	1	-3	0	0	0	0	0	0	0	air	40	1	undead,spectral	0
5634	45	50	50	0	1	0	0	0	0	0	0	0	0	-	0	1	vampyre2	0
5635	55	50	100	0	1	0	0	0	0	0	0	0	0	-	0	1	vampyre2	0
5636	65	50	150	0	1	0	0	0	0	0	0	0	0	-	0	1	vampyre2	0
5640	30	0	75	0	1	0	0	0	0	0	0	0	0	-	0	1	vampyre1	0
5641	30	0	135	0	1	0	0	0	0	0	0	0	0	-	0	1	vampyre1	0
5642	30	0	185	0	1	0	0	0	0	0	0	0	0	-	0	1	vampyre1	0
5643	75	50	75	0	1	0	0	0	0	0	0	0	0	-	0	0		0
5644	75	50	150	0	1	0	0	0	0	0	0	0	0	-	0	0		0
5645	75	50	150	0	1	0	0	0	0	0	0	0	0	-	0	0		0
5646	75	50	75	0	1	0	0	0	0	0	0	0	0	-	0	0		0
5647	20	1	20	0	1	0	0	0	0	0	0	0	0	-	0	1	undead	0
5648	10	1	10	0	1	0	0	0	0	0	0	0	0	fire	50	1	undead	0
5656	11	1	11	0	1	0	0	0	0	0	0	0	0	fire	50	1	undead	0
5665	12	1	12	0	1	0	0	0	0	0	0	0	0	fire	50	1	undead	0
5673	13	1	13	0	1	0	0	0	0	0	0	0	0	fire	50	1	undead	0
5681	14	1	14	0	1	0	0	0	0	0	0	0	0	fire	50	1	undead	0
5689	15	1	15	0	1	0	0	0	0	0	0	0	0	fire	50	1	undead	0
5697	16	1	16	0	1	0	0	0	0	0	0	0	0	fire	50	1	undead	0
5705	17	1	17	0	1	0	0	0	0	0	0	0	0	fire	50	1	undead	0
5713	18	1	18	0	1	0	0	0	0	0	0	0	0	fire	50	1	undead	0
5729	10	0	10	0	1	0	0	0	0	0	0	0	0	-	0	0		0
5732	13	1	22	0	1	0	24	14	19	4	16	16	16	-	0	0		0
5740	27	1	29	0	1	0	0	0	0	0	0	0	0	-	0	0	penance	0
5741	34	1	32	0	1	0	0	0	0	0	0	0	0	-	0	0	penance	0
5742	37	1	37	0	1	0	0	0	0	0	0	0	0	-	0	0	penance	0
5743	44	1	38	0	1	0	0	0	0	0	0	0	0	-	0	0	penance	0
5744	48	1	49	0	1	0	0	0	0	0	0	0	0	-	0	0	penance	0
5745	52	1	50	0	1	0	0	0	0	0	0	0	0	-	0	0	penance	0
5746	62	1	55	0	1	0	0	0	0	0	0	0	0	-	0	0	penance	0
5747	66	1	56	0	1	0	0	0	0	0	0	0	0	-	0	0	penance	0
5749	1	1	5	0	1	0	0	0	0	0	0	0	0	-	0	0		0
5750	1	1	5	0	1	0	0	0	0	0	0	0	0	-	0	0		0
5751	1	1	5	0	1	0	0	0	0	0	0	0	0	-	0	0		0
5752	1	1	5	0	1	0	0	0	0	0	0	0	0	-	0	0		0
5753	1	1	5	0	1	0	0	0	0	0	0	0	0	-	0	0		0
5754	1	1	5	0	1	0	0	0	0	0	0	0	0	-	0	0		0
5755	1	1	5	0	1	0	0	0	0	0	0	0	0	-	0	0		0
5756	1	1	5	0	1	0	0	0	0	0	0	0	0	-	0	0		0
5758	29	1	28	0	1	0	0	0	0	0	0	0	0	-	0	0	penance	0
5759	33	1	29	0	1	0	0	0	0	0	0	0	0	-	0	0	penance	0
5760	42	1	34	0	1	0	0	0	0	0	0	0	0	-	0	0	penance	0
5761	46	1	41	0	1	0	0	0	0	0	0	0	0	-	0	0	penance	0
5762	54	1	50	0	1	0	0	0	0	0	0	0	0	-	0	0	penance	0
5763	61	1	50	0	1	0	0	0	0	0	0	0	0	-	0	0	penance	0
5764	68	1	54	0	1	0	0	0	0	0	0	0	0	-	0	0	penance	0
5765	80	1	58	0	1	0	0	0	0	0	0	0	0	-	0	0	penance	0
5767	14	1	32	0	1	0	0	0	0	0	0	0	0	-	0	0		0
5768	19	1	37	0	1	0	0	0	0	0	0	0	0	-	0	0		0
5769	21	1	43	0	1	0	0	0	0	0	0	0	0	-	0	0		0
5770	25	1	49	0	1	0	0	0	0	0	0	0	0	-	0	0		0
5771	28	1	55	0	1	0	0	0	0	0	0	0	0	-	0	0		0
5772	34	1	60	0	1	0	0	0	0	0	0	0	0	-	0	0		0
5773	36	1	67	0	1	0	0	0	0	0	0	0	0	-	0	0		0
5774	38	1	76	0	1	0	0	0	0	0	0	0	0	-	0	0		0
5775	132	1	250	0	5	0	0	0	0	0	0	0	0	-	0	0		0
5776	50	1	45	0	1	0	0	0	0	0	0	0	0	-	0	0		0
5779	200	200	200	0	3	0	60	80	100	80	60	60	60	earth	50	1		0
5816	1	1	50	0	2	0	0	0	0	0	0	0	0	-	0	0		0
5822	80	1	150	0	2	0	45	45	45	2000	2000	2000	2000	fire	35	1		0
5823	70	1	60	0	1	0	30	60	30	0	0	0	0	fire	50	1		0
5824	40	1	80	0	1	0	30	60	30	0	0	0	0	fire	50	1		0
5825	40	1	80	0	1	0	30	60	30	0	0	0	0	fire	50	1		0
5826	60	1	80	0	1	0	30	60	30	0	0	0	0	fire	50	1		0
5828	70	1	60	0	1	0	30	60	30	0	0	0	0	fire	100	1		0
5829	40	1	80	0	1	0	30	60	30	0	0	0	0	fire	100	1		0
5830	40	1	80	0	1	0	30	60	30	0	0	0	0	fire	100	1		0
5842	1	1	8	0	2	0	-21	-21	-21	-21	-21	-21	-21	-	0	1		0
5848	91	1	102	0	1	0	0	0	0	0	0	0	0	-	0	0		0
5853	40	1	40	0	1	0	0	0	0	0	0	0	0	fire	20	0		0
5854	40	1	40	0	1	0	0	0	0	0	0	0	0	fire	20	0		0
5862	100	220	600	50	5	0	50	100	25	65	100	100	100	water	40	1	demon	0
5872	40	1	50	0	2	0	0	50	50	40	30	30	30	water	50	0	dragon	0
5873	40	1	50	0	2	0	0	50	50	40	30	30	30	water	50	0	dragon	0
5878	95	1	105	0	4	0	0	70	70	60	50	50	15	water	50	1	dragon,fiery	0
5879	95	1	105	0	4	0	0	70	70	60	50	50	15	water	50	1	dragon,fiery	0
5880	95	1	105	0	4	0	0	70	70	60	50	50	15	water	50	1	dragon,fiery	0
5881	95	1	105	0	4	0	0	70	70	60	50	50	15	water	50	1	dragon,fiery	0
5882	95	1	105	0	4	0	0	70	70	60	50	50	15	water	50	1	dragon,fiery	0
5886	250	200	425	0	6	0	40	60	50	20	60	60	60	-	0	1	demon	0
5889	250	200	425	0	6	0	40	60	50	20	60	60	60	-	0	1	demon	0
5891	250	200	425	0	6	0	40	60	50	20	60	60	60	-	0	1	demon	0
5908	250	200	425	0	6	0	20	30	25	-40	30	30	30	-	0	1	demon	0
5912	1	1	255	0	9	0	0	0	0	0	0	0	0	-	0	0	demon	0
5914	80	0	50	0	2	0	0	0	0	0	0	0	0	-	0	1	demon	0
5916	10	1	15	0	1	0	0	0	0	-10	0	0	0	-	0	0		0
5918	50	1	50	0	2	0	0	0	0	-10	0	0	0	-	0	0		0
5935	1	1	60	0	1	0	0	0	0	0	0	0	0	earth	20	1		0
5936	1	1	60	0	1	0	0	0	0	0	0	0	0	earth	20	1		0
5938	80	100	120	0	1	0	100	150	175	250	-10	-10	-10	earth	30	0		0
5939	80	100	120	0	1	0	100	150	175	250	10	10	10	earth	30	0		0
5940	200	1	180	0	2	0	225	200	175	10	250	250	80	earth	20	1		0
5944	100	1	150	0	2	0	100	100	50	50	150	150	90	earth	25	0		0
5945	100	1	150	0	2	0	100	100	50	50	150	150	90	earth	25	0		0
5946	10	1	100	0	1	0	0	0	0	0	0	0	0	-	0	0		0
5947	10	1	100	0	1	0	100	100	100	50	50	50	50	-	0	0		0
5966	1	1	3	0	1	0	3	4	5	2	4	4	4	-	0	0		0
5968	1	1	3	0	1	0	-42	-42	-42	-42	-42	-42	-42	-	0	0		0
5969	1	1	3	0	1	0	-42	-42	-42	-42	-42	-42	-42	-	0	0		0
5970	1	1	3	0	1	0	-42	-42	-42	-42	-42	-42	-42	-	0	0		0
5977	100	180	320	80	3	0	200	200	200	-60	200	200	200	-	0	0		0
6046	45	1	40	0	1	0	40	40	40	0	40	40	40	-	0	1		0
6047	45	1	40	0	1	0	40	40	40	0	40	40	40	-	0	1		0
6048	45	1	40	0	1	0	40	40	40	0	40	40	40	-	0	1		0
6049	45	1	40	0	1	0	40	40	40	0	40	40	40	-	0	1		0
6050	60	1	50	0	1	0	60	60	60	0	60	60	60	-	0	1		0
6051	60	1	50	0	1	0	60	60	60	0	60	60	60	-	0	1		0
6052	60	1	50	0	1	0	60	60	60	0	60	60	60	-	0	1		0
6056	20	1	50	0	1	0	18	23	27	10	19	19	19	-	0	0		0
6065	10	1	30	0	1	0	0	0	0	6	12	12	12	-	0	0		0
6066	10	1	50	0	1	0	0	0	0	24	40	40	40	-	0	0		0
6067	10	1	70	0	1	0	0	0	0	20	45	45	45	-	0	0		0
6068	10	1	90	0	1	0	0	0	0	34	66	66	66	-	0	0		0
6075	80	1	100	0	3	0	0	0	0	0	0	0	0	earth	20	0		0
6076	80	50	120	0	3	0	0	0	0	0	0	0	0	earth	20	0		0
6077	1	1	2	0	1	0	-42	-42	-42	-42	-42	-42	-42	-	0	0		0
6078	1	1	2	0	1	0	-42	-42	-42	-42	-42	-42	-42	-	0	0		0
6079	1	1	2	0	1	0	-42	-42	-42	-42	-42	-42	-42	-	0	0		0
6081	17	1	31	0	1	0	0	0	0	0	0	0	0	-	0	0		0
6082	18	1	31	0	1	0	8	9	7	0	8	8	8	-	0	0		0
6086	1	1	2	0	1	0	-42	-42	-42	-42	-42	-42	-42	-	0	0		0
6087	1	1	2	0	1	0	-42	-42	-42	-42	-42	-42	-42	-	0	0		0
6094	1	1	3	0	1	0	-42	-42	-42	-42	-42	-42	-42	-	0	0		0
6095	1	1	3	0	1	0	-42	-42	-42	-42	-42	-42	-42	-	0	0		0
6096	1	1	3	0	1	0	-42	-42	-42	-42	-42	-42	-42	-	0	0		0
6097	1	1	10	0	1	0	-30	-30	-30	-30	-30	-30	-30	-	0	0		0
6098	3	1	10	0	1	0	-30	-30	-30	-30	-30	-30	-30	-	0	0		0
6099	1	1	10	0	1	0	-30	-30	-30	-30	-30	-30	-30	-	0	0		0
6102	50	1	25	0	1	0	0	0	0	0	0	0	0	-	0	0		0
6118	70	210	240	0	4	0	20	40	40	30	20	20	20	water	30	1		0
6119	240	1	255	0	5	0	0	0	0	0	0	0	0	-	0	0		0
6120	120	1	255	0	3	0	0	0	0	0	0	0	0	-	0	0		0
6121	434	1	180	0	2	0	0	0	0	0	0	0	0	-	0	0		0
6143	100	0	130	0	1	-3	0	0	0	0	0	0	0	air	40	1	undead,spectral	0
6272	45	1	3	0	1	0	2	2	5	2	0	0	0	fire	40	0		0
6273	45	1	9	0	1	0	2	2	5	2	0	0	0	fire	45	0		0
6291	91	1	204	0	1	0	0	0	0	0	0	0	0	fire	35	0		0
6292	173	1	120	0	3	0	0	0	0	0	0	0	0	water	25	0	demon	0
6293	120	1	232	0	2	0	0	0	0	0	0	0	0	-	0	0	demon	0
6294	80	1	255	0	2	0	45	45	45	2000	2000	2000	2000	fire	35	1		0
6295	152	1	255	0	3	0	0	0	0	-10	0	0	0	water	40	1	demon	0
6297	110	1	255	0	4	0	105	110	130	125	100	80	100	earth	50	0		0
6298	100	1	240	0	1	0	5	5	5	-5	5	5	5	air	25	0	spectral	0
6299	91	1	255	0	1	0	18	27	18	1000	1000	1000	1000	-	0	0		0
6300	81	1	240	0	3	0	150	150	150	50	50	50	50	earth	35	1		0
6306	126	400	240	0	1	0	0	0	0	0	0	0	0	-	0	1		0
6307	10	1	255	0	1	0	-10	-10	-10	-10	-10	-10	-10	-	0	0		0
6308	82	200	255	0	3	0	100	100	60	100	100	100	60	-	0	0		0
6309	75	1	255	0	5	0	50	50	5	5	50	30	50	water	50	0		0
6310	100	1	255	0	1	0	150	150	150	150	150	150	150	fire	40	0		0
6311	99	1	255	0	1	0	10	150	150	0	0	0	0	-	0	0		0
6312	81	1	240	0	3	0	150	150	150	50	50	50	50	-	0	0		0
6318	167	320	150	0	3	0	0	0	0	0	0	0	0	water	10	0	demon	0
6319	80	1	187	0	1	0	0	0	0	0	0	0	0	fire	35	0	spectral	0
6320	74	1	135	0	1	0	0	0	0	0	0	0	0	-	0	0		0
6321	170	340	255	0	3	0	0	50	0	50	0	0	0	fire	25	0	demon	0
6322	60	0	150	0	2	0	10	10	10	-10	20	20	20	-	0	0		0
6323	100	1	255	0	5	0	0	0	0	150	0	0	0	air	35	1		0
6324	75	1	150	0	2	0	50	50	5	5	50	50	50	earth	40	0		0
6325	60	1	240	0	2	0	0	0	0	0	0	0	0	fire	50	0		0
6326	100	1	132	0	2	0	0	0	0	0	0	0	0	earth	35	0	demon	0
6327	82	220	209	0	3	0	0	0	0	0	0	0	0	water	25	0	demon	0
6328	30	1	150	0	1	0	0	0	0	0	0	0	0	-	0	0		0
6329	80	1	255	0	1	0	0	0	0	0	0	0	0	-	0	0		0
6330	50	0	240	0	3	0	25	25	40	200	200	200	200	earth	40	1		0
6331	40	0	255	0	2	0	35	60	35	200	200	200	200	earth	50	1		0
6332	30	1	210	0	1	0	2	1	3	0	0	0	0	-	0	1	vampyre1	0
6333	19	1	63	0	1	0	0	0	0	0	0	0	0	-	0	0		0
6334	29	1	93	0	1	0	0	0	0	0	0	0	0	-	0	0		0
6335	39	1	102	0	2	0	0	0	0	0	0	0	0	-	0	0		0
6336	49	1	113	0	2	0	0	0	0	0	0	0	0	-	0	0		0
6337	80	0	154	0	2	0	0	0	0	0	0	0	0	-	0	0		0
6338	58	0	180	0	2	0	5	5	5	5	5	5	5	-	0	0		0
6339	80	0	176	0	2	0	0	0	0	0	0	0	0	air	20	0	spectral	0
6340	1	1	160	0	2	0	-21	-21	-21	-21	-21	-21	-21	-	0	0		0
6342	140	90	134	0	3	0	0	0	0	0	0	0	0	-	0	0		0
6343	169	1	130	0	3	0	70	99	99	159	149	103	149	fire	50	1	kalphite	0
6344	99	1	200	0	1	0	10	150	150	0	0	0	0	-	0	1	vampyre1	0
6345	135	1	130	0	1	0	35	60	35	0	0	0	0	fire	10	1		0
6346	90	1	90	0	1	0	60	60	60	60	60	60	60	-	0	0		0
6347	160	1	200	0	1	0	100	100	100	80	120	120	120	-	0	0		0
6348	135	1	130	0	1	0	100	100	100	0	0	0	0	water	30	0		0
6349	70	70	80	0	4	0	20	40	40	30	20	20	20	water	30	1		0
6350	240	1	180	0	5	0	0	0	0	0	0	0	0	-	0	0		0
6351	120	1	230	0	3	0	0	0	0	0	0	0	0	-	0	0		0
6352	434	1	90	0	2	0	0	0	0	0	0	0	0	-	0	0		0
6353	91	1	102	0	1	0	0	0	0	0	0	0	0	fire	35	0		0
6354	173	1	60	0	3	0	0	0	0	0	0	0	0	water	25	0	demon	0
6355	120	1	116	0	2	0	0	0	0	0	0	0	0	-	0	0	demon	0
6356	80	1	150	0	2	0	45	45	45	2000	2000	2000	2000	fire	35	1		0
6357	152	1	157	0	3	0	0	0	0	-10	0	0	0	water	40	1	demon	0
6358	110	1	160	0	4	0	105	110	130	125	100	80	100	earth	50	0		0
6359	100	1	100	0	1	0	5	5	5	-5	5	5	5	air	25	0	spectral	0
6360	91	1	142	0	1	0	18	27	18	1000	1000	1000	1000	-	0	0		0
6361	81	1	120	0	3	0	150	150	150	50	50	50	50	earth	35	1		0
6367	126	200	120	0	1	0	0	0	0	0	0	0	0	-	0	1		0
6368	10	1	150	0	1	0	-10	-10	-10	-10	-10	-10	-10	-	0	0		0
6369	82	100	200	0	3	0	100	100	60	100	100	100	60	-	0	0		0
6370	75	1	210	0	5	0	50	50	5	5	50	30	50	water	50	0		0
6371	100	1	250	0	1	0	150	150	150	150	150	150	150	fire	40	0		0
6372	99	1	130	0	1	0	10	150	150	0	0	0	0	-	0	0		0
6373	81	1	240	0	3	0	150	150	150	50	50	50	50	-	0	0		0
6379	167	160	150	0	3	0	0	0	0	0	0	0	0	water	10	0	demon	0
6380	80	1	85	0	1	0	0	0	0	0	0	0	0	fire	35	0	spectral	0
6381	74	1	45	0	1	0	0	0	0	0	0	0	0	-	0	0		0
6382	170	170	170	0	3	0	0	50	0	50	0	0	0	fire	25	0	demon	0
6383	60	0	50	0	2	0	10	10	10	-10	20	20	20	-	0	0		0
6384	100	1	250	0	5	0	0	0	0	150	0	0	0	air	35	1		0
6385	75	1	60	0	2	0	50	50	5	5	50	50	50	earth	40	0		0
6386	60	1	120	0	2	0	0	0	0	0	0	0	0	fire	50	0		0
6387	100	1	55	0	2	0	0	0	0	0	0	0	0	earth	35	0	demon	0
6388	82	100	95	0	3	0	0	0	0	0	0	0	0	water	25	0	demon	0
6389	30	1	75	0	1	0	0	0	0	0	0	0	0	-	0	0		0
6390	80	1	170	0	1	0	0	0	0	0	0	0	0	-	0	0		0
6391	50	0	120	0	3	0	25	25	40	200	200	200	200	earth	40	1		0
6392	40	0	140	0	2	0	35	60	35	200	200	200	200	earth	50	1		0
6393	30	1	35	0	1	0	2	1	3	0	0	0	0	-	0	1	vampyre1	0
6394	19	1	21	0	1	0	0	0	0	0	0	0	0	-	0	0		0
6395	29	1	31	0	1	0	0	0	0	0	0	0	0	-	0	0		0
6396	39	1	41	0	2	0	0	0	0	0	0	0	0	-	0	0		0
6397	49	1	51	0	2	0	0	0	0	0	0	0	0	-	0	0		0
6398	80	0	70	0	2	0	0	0	0	0	0	0	0	-	0	0		0
6399	58	0	70	0	2	0	5	5	5	5	5	5	5	-	0	0		0
6400	80	0	80	0	2	0	0	0	0	0	0	0	0	air	20	0	spectral	0
6401	1	1	8	0	2	0	-21	-21	-21	-21	-21	-21	-21	-	0	0		0
6402	45	1	15	0	1	0	2	2	5	2	0	0	0	fire	45	0		0
6406	26	1	39	0	1	0	4	6	6	0	0	0	0	-	0	0		0
6408	26	60	100	25	1	0	20	20	20	0	0	0	0	-	0	0		0
6410	26	60	100	25	1	0	20	20	20	0	0	0	0	-	0	0		0
6412	26	60	100	25	1	0	20	20	20	0	0	0	0	-	0	0		0
6434	1	1	10	0	1	0	0	0	0	0	0	0	0	fire	40	1		0
6435	1	1	10	0	1	0	0	0	0	0	0	0	0	fire	40	1		0
6436	1	1	10	0	1	0	0	0	0	0	0	0	0	fire	40	1		0
6437	1	1	10	0	1	0	0	0	0	0	0	0	0	fire	40	1		0
6438	2	2	50	0	1	0	50	25	25	400	400	400	400	earth	30	0		0
6440	80	1	110	0	1	0	50	40	0	0	40	40	40	earth	40	1	undead	0
6441	80	110	85	0	1	0	50	40	0	0	40	40	40	earth	35	1	undead	0
6442	60	1	80	0	1	0	50	40	0	0	40	40	40	earth	35	1	undead	0
6443	80	1	71	0	1	0	50	40	0	0	40	40	40	earth	35	1	undead	0
6444	40	1	40	0	1	0	50	40	0	0	40	40	40	earth	35	1	undead	0
6445	62	1	53	0	1	0	50	40	0	0	40	40	40	earth	35	1	undead	0
6446	30	1	42	0	1	0	50	40	0	0	40	40	40	earth	35	1	undead	0
6447	45	1	58	0	1	0	50	40	0	0	40	40	40	earth	35	1	undead	0
6448	52	1	26	0	1	0	50	40	0	0	40	40	40	earth	35	1	undead	0
6449	33	1	38	0	1	0	20	20	0	0	10	10	10	fire	50	1	undead	0
6450	35	1	40	0	1	0	20	20	0	0	10	10	10	fire	50	1	undead	0
6451	42	1	42	0	1	0	20	20	0	0	10	10	10	fire	50	1	undead	0
6452	44	1	48	0	1	0	20	20	0	0	10	10	10	fire	50	1	undead	0
6453	47	1	50	0	1	0	20	20	0	0	10	10	10	fire	50	1	undead	0
6454	50	1	57	0	1	0	20	20	0	0	10	10	10	fire	50	1	undead	0
6455	60	1	63	0	1	0	20	20	0	0	10	10	10	fire	50	1	undead	0
6456	61	1	65	0	1	0	20	20	0	0	10	10	10	fire	50	1	undead	0
6457	62	1	68	0	1	0	20	20	0	0	10	10	10	fire	50	1	undead	0
6458	62	1	71	0	1	0	20	20	0	0	10	10	10	fire	50	1	undead	0
6459	62	1	73	0	1	0	20	20	0	0	10	10	10	fire	50	1	undead	0
6460	70	1	75	0	1	0	20	20	0	0	10	10	10	fire	50	1	undead	0
6461	71	1	76	0	1	0	20	20	0	0	10	10	10	fire	50	1	undead	0
6462	72	1	81	0	1	0	20	20	0	0	10	10	10	fire	50	1	undead	0
6463	75	1	92	0	1	0	20	20	0	0	10	10	10	fire	50	1	undead	0
6464	81	1	96	0	1	0	20	20	0	0	10	10	10	fire	50	1	undead	0
6465	81	1	102	0	1	0	20	20	0	0	10	10	10	fire	50	1	undead	0
6466	71	1	76	0	1	0	20	20	0	0	10	10	10	fire	50	1	undead	0
6467	45	1	69	0	1	0	50	40	0	0	40	40	40	earth	35	1	undead	0
6468	55	1	92	0	1	0	50	40	0	0	40	40	40	earth	35	1	undead	0
6470	40	1	40	0	1	0	15	10	5	5	10	10	10	earth	25	0		0
6473	78	1	87	0	2	0	0	0	0	0	0	0	0	-	0	1		0
6474	74	1	82	0	1	0	0	0	0	0	0	0	0	-	0	1		0
6476	40	1	80	0	1	0	50	50	50	50	50	50	50	-	0	0	undead	0
6477	40	1	80	0	3	0	50	50	50	50	50	50	50	-	0	0		0
6587	82	80	132	0	2	0	0	0	0	3	0	0	0	air	30	0	flying	0
6588	80	1	130	0	1	0	12	14	13	5	13	13	13	-	0	0		0
6593	220	1	230	0	4	0	20	90	90	80	70	70	20	water	50	1	dragon,fiery	0
6594	75	1	105	0	2	0	50	70	70	40	30	30	30	fire	40	1		0
6596	18	1	24	0	1	0	0	0	0	0	0	0	0	fire	50	1	undead	0
6597	18	1	24	0	1	0	0	0	0	0	0	0	0	fire	50	1	undead	0
6598	18	1	24	0	1	0	0	0	0	0	0	0	0	fire	50	1	undead	0
6600	165	1	120	0	1	4	0	0	0	0	0	0	0	earth	60	0	golem	0
6603	150	1	125	0	1	0	0	0	0	0	0	0	0	-	0	1		0
6604	50	1	130	0	3	0	0	0	0	0	0	0	0	-	0	1		0
6605	57	1	155	0	1	0	0	23	22	0	0	0	0	-	0	1		0
6606	55	1	165	0	1	0	106	109	139	0	0	0	0	-	0	1		0
6607	65	110	150	0	1	0	0	0	0	0	0	0	0	-	0	1		0
6609	225	140	1000	0	5	0	150	130	125	0	50	50	50	fire	30	1		0
6610	321	300	850	0	4	0	100	100	10	300	150	150	150	fire	40	1		0
6611	395	300	255	0	3	0	201	200	-10	250	270	270	270	-	0	1	undead	0
6612	395	300	255	0	3	0	201	200	-10	250	270	270	270	-	0	1	undead	0
6613	150	1	30	0	2	0	101	103	10	180	266	266	266	earth	30	1	undead	0
6614	180	1	30	0	2	0	150	163	20	210	275	275	275	earth	40	1	undead	0
6615	180	1	200	0	5	0	246	284	284	44	284	284	284	fire	35	1		0
6616	1	1	2	0	1	0	0	0	0	-40	0	0	0	-	0	1		0
6617	60	30	70	0	1	0	0	0	0	0	0	0	0	fire	35	1		0
6618	240	1	225	0	1	0	5	5	30	250	250	250	250	-	0	1		0
6619	220	200	225	0	1	0	260	260	250	280	80	50	80	-	0	1		0
6624	1	1	60	0	1	0	0	0	0	0	0	0	0	-	0	0		0
6716	70	380	50	0	1	0	0	0	0	0	0	0	0	-	0	0		0
6723	70	380	50	0	1	0	0	0	0	0	0	0	0	-	0	0		0
6725	9	1	20	0	1	1	0	0	0	0	0	0	0	earth	40	0	golem	0
6726	22	1	30	0	1	1	0	0	0	0	0	0	0	earth	40	0	golem	0
6727	38	1	50	0	1	1	0	0	0	0	0	0	0	earth	40	0	golem	0
6728	65	1	70	0	1	1	0	0	0	0	0	0	0	earth	40	0	golem	0
6729	100	1	100	0	1	2	0	0	0	0	0	0	0	earth	40	0	golem	0
6730	130	1	150	0	1	2	0	0	0	0	0	0	0	earth	40	0	golem	0
6732	9	1	25	0	1	0	0	0	0	0	0	0	0	earth	20	1		0
6733	22	1	40	0	1	0	0	0	0	0	0	0	0	earth	20	1		0
6734	38	1	60	0	1	0	0	0	0	0	0	0	0	earth	20	1		0
6735	65	1	85	0	1	0	0	0	0	0	0	0	0	earth	20	1		0
6736	100	1	120	0	1	0	0	0	0	0	0	0	0	earth	20	1		0
6737	130	1	170	0	1	0	0	0	0	0	0	0	0	earth	20	1		0
6739	126	200	120	0	1	0	0	0	0	0	0	0	0	-	0	1		0
6740	130	1	170	0	1	-3	0	0	0	0	0	0	0	-	0	1	undead,spectral	0
6741	130	1	170	0	1	0	0	0	0	0	0	0	0	-	0	1	undead	0
6762	30	1	80	0	2	0	10	10	10	0	10	10	10	water	100	1	demon	0
6766	140	130	150	0	3	0	-20	40	30	50	-10	0	0	-	0	1		0
6795	30	1	80	0	2	0	10	10	10	0	10	10	10	water	100	1	demon	0
6805	150	130	210	0	1	0	100	100	100	250	100	100	100	-	0	0		0
6824	22	1	32	0	2	0	10	10	12	10	8	8	8	air	10	1		0
6896	50	1	40	0	1	0	0	0	10	0	0	0	0	-	0	0		0
6897	50	1	40	0	1	0	0	0	10	0	0	0	0	-	0	0		0
6898	40	1	45	0	1	0	0	0	10	0	0	0	0	-	0	0		0
6899	30	1	30	0	1	0	0	0	10	0	0	0	0	-	0	0		0
6900	70	1	80	0	1	0	0	0	10	0	0	0	0	-	0	0		0
6902	70	1	80	0	1	0	0	0	10	0	0	0	0	-	0	0		0
6905	30	1	50	0	1	0	0	0	0	0	-1	-1	-1	-	0	0		0
6907	40	1	50	0	1	0	0	0	0	0	0	0	0	-	0	0		0
6909	50	1	55	0	1	0	0	0	0	0	-1	-1	-1	-	0	0		0
6911	60	1	65	0	1	0	1	1	0	0	0	0	0	-	0	0		0
6913	86	1	90	0	1	0	0	0	0	0	0	0	0	-	0	0		0
6914	43	1	60	0	1	0	-20	25	0	0	-10	0	0	-	0	1		0
6916	52	1	60	0	1	0	-20	20	5	0	-10	0	0	-	0	1		0
6918	65	1	60	0	1	-2	-20	30	10	0	-10	0	0	-	0	1		0
7018	1	1	5	0	1	0	-15	-15	-15	-15	-15	-15	-15	-	0	1		0
7019	3	1	5	0	1	0	0	0	0	0	0	0	0	-	0	1		0
7020	1	1	5	0	1	0	-42	-42	-42	-42	-42	-42	-42	-	0	0	demon	0
7021	10	1	10	0	1	0	-21	-21	-21	-21	-21	-21	-21	-	0	1		0
7022	11	1	15	0	2	0	5	15	15	5	0	0	0	-	0	1		0
7023	15	1	15	0	2	0	0	0	0	0	0	0	0	-	0	1		0
7024	13	1	15	0	2	0	0	0	0	0	0	0	0	-	0	0		0
7025	54	1	35	0	1	0	0	0	0	0	0	0	0	-	0	1		0
7026	12	10	35	0	1	0	0	0	0	0	0	0	0	-	0	1		0
7027	26	1	35	0	2	0	0	0	0	0	0	0	0	-	0	1		0
7028	43	1	35	0	2	0	0	0	0	0	0	0	0	-	0	1		0
7029	80	1	35	0	1	0	5	20	40	60	50	50	50	-	0	1		0
7030	40	1	35	0	1	0	0	0	10	200	200	200	200	-	0	1		0
7031	55	1	35	0	2	0	0	0	0	0	0	0	0	-	0	1		0
7032	110	1	35	0	4	0	25	25	5	50	50	50	50	-	0	1	kalphite	0
7033	81	1	35	0	1	0	0	0	0	0	0	0	0	-	0	1		0
7034	30	1	35	0	2	0	0	0	0	0	0	0	0	-	0	1	demon	0
7035	120	40	35	0	1	0	0	0	0	0	0	0	0	-	0	1		0
7036	71	1	35	0	2	0	0	0	0	-10	0	0	0	-	0	1	demon	0
7037	70	1	35	0	2	0	0	0	0	0	0	0	0	-	0	1	flying	0
7038	135	1	35	0	1	0	20	20	20	0	20	20	20	-	0	1	demon	0
7039	68	68	35	0	5	0	20	40	40	30	20	20	20	-	0	0	dragon	0
7095	110	110	110	0	2	0	0	0	0	0	0	0	0	-	0	1		0
7101	248	250	575	80	2	0	0	0	0	0	0	0	0	-	0	0		0
7104	165	1	180	0	2	0	50	50	50	0	0	0	0	-	0	0		0
7106	80	0	200	0	2	0	60	85	90	200	200	200	200	earth	20	0		0
7118	10	1	65	0	1	0	0	0	0	0	0	0	0	-	0	1		0
7119	80	1	60	0	1	0	0	0	0	0	0	0	0	-	0	0		0
7144	200	195	380	40	2	0	0	0	0	20	0	0	0	water	35	1	demon	0
7147	200	195	380	40	2	0	0	0	0	20	0	0	0	water	35	1	demon	0
7150	95	95	210	20	2	0	0	0	0	25	0	0	0	-	0	1		0
7209	37	1	49	0	1	0	0	0	0	0	0	0	0	-	0	1		0
7221	100	100	1500	150	3	0	20	20	20	10	20	20	20	-	0	1	rat	0
7222	60	50	500	150	3	0	20	20	20	10	20	20	20	-	0	1	rat	0
7223	10	1	15	0	2	0	0	0	0	0	0	0	0	-	0	1	rat	0
7233	0	1	10	0	0	0	-10	-10	-10	50	-10	-10	-10	-	0	0		0
7234	75	1	75	0	2	0	50	70	70	40	30	30	30	fire	40	0		0
7238	8	1	17	0	1	0	4	3	5	0	0	0	0	-	0	0		0
7241	135	1	150	0	1	0	20	20	20	0	20	20	20	-	0	1	demon	0
7242	162	1	170	0	3	0	0	0	0	-10	0	0	0	water	40	1	demon	0
7243	175	1	160	0	3	0	0	0	0	-5	0	0	0	water	40	1	demon	0
7244	50	1	120	0	3	0	0	0	0	-10	0	0	0	water	40	1	demon	0
7245	80	1	115	0	3	0	0	0	0	-10	0	0	0	water	40	1	demon	0
7246	50	1	130	0	3	0	0	0	0	-10	0	0	0	water	40	1	demon	0
7247	71	1	87	0	2	0	0	0	0	-10	0	0	0	water	40	1	demon	0
7248	85	1	98	0	2	0	0	0	0	-10	0	0	0	water	40	1	demon	0
7249	40	1	130	0	1	0	0	0	0	0	0	0	0	air	35	1		0
7251	65	1	150	0	2	0	0	3	2	0	0	0	0	water	100	1	fiery	0
7252	120	1	130	0	2	0	20	10	10	50	-10	-10	-10	water	100	1	fiery	0
7253	112	130	122	0	4	0	0	70	70	30	90	90	10	earth	50	1	dragon,fiery	0
7254	185	120	195	0	4	0	0	70	70	30	90	90	10	earth	50	1	dragon,fiery	0
7255	235	130	250	0	4	0	0	70	70	30	90	90	10	earth	50	1	dragon,fiery	0
7257	100	1	60	0	1	0	0	0	0	0	0	0	0	air	40	1	undead,spectral	0
7258	100	50	115	0	1	-3	0	0	0	0	0	0	0	air	40	1	undead,spectral	0
7259	50	1	70	0	1	0	0	0	0	0	0	0	0	earth	35	1		0
7260	71	1	120	0	2	0	0	0	0	50	50	50	50	earth	35	1		0
7261	26	1	35	0	2	0	0	0	0	0	0	0	0	earth	25	1		0
7265	17	1	29	0	1	0	5	5	-5	0	5	5	5	earth	35	1	undead	0
7266	100	1	200	0	2	0	0	0	0	0	0	0	0	earth	15	1		0
7267	100	1	200	0	2	0	0	0	0	0	0	0	0	earth	15	1		0
7268	40	1	40	0	1	0	15	10	5	5	10	10	10	-	0	0		0
7269	29	1	44	0	1	0	10	5	15	5	10	10	10	-	0	1		0
7270	35	1	100	0	2	0	0	0	0	0	0	0	0	-	0	1		0
7271	26	1	75	0	2	0	0	0	0	0	0	0	0	-	0	1		0
7272	50	1	100	0	2	0	15	15	15	0	15	15	15	air	25	1	undead,spectral	0
7273	198	198	245	0	4	0	0	70	70	60	50	50	10	water	50	1	dragon,fiery	0
7274	198	250	285	0	4	0	0	70	70	60	50	50	10	water	50	1	dragon,fiery	0
7275	258	250	315	0	4	0	0	70	70	60	50	50	10	water	50	1	dragon,fiery	0
7276	30	1	170	0	2	0	0	0	0	0	0	0	0	-	0	1	demon	0
7277	70	95	140	0	1	0	0	0	0	0	0	0	0	earth	30	1		0
7278	85	1	205	0	1	0	50	50	50	0	50	50	50	-	0	1	demon	0
7279	90	205	190	0	2	0	80	80	80	0	85	85	20	air	30	1	undead,spectral	0
7286	200	280	450	0	5	0	80	80	80	80	130	130	130	water	40	1	demon	0
7287	71	1	85	0	1	0	0	0	0	-10	0	0	0	-	0	0	demon	0
7288	1	1	100	0	1	0	0	0	0	0	0	0	0	-	0	0	demon	0
7296	100	1	60	0	1	0	0	0	0	0	0	0	0	-	0	1	undead,spectral	0
7302	0	1	10	0	0	0	-10	-10	-10	50	-10	-10	-10	-	0	0		0
7307	20	150	80	0	1	0	0	0	0	0	0	0	0	-	0	0		0
7308	20	80	80	0	1	0	0	0	0	0	0	0	0	-	0	0		0
7309	20	80	80	0	1	0	0	0	0	0	0	0	0	-	0	0		0
7310	80	170	150	0	1	0	0	0	0	0	0	0	0	-	0	0		0
7312	100	95	160	0	1	0	20	20	20	0	0	0	0	-	0	0		0
7388	14	1	55	0	3	0	0	0	0	0	0	0	0	-	0	1	undead	0
7389	55	1	60	0	3	0	41	43	23	24	40	20	40	-	0	1		0
7390	56	1	61	0	3	0	13	13	13	0	13	13	13	air	40	1	undead,spectral	0
7391	80	1	220	0	3	0	25	25	25	0	25	25	25	air	40	1	undead,spectral	0
7392	77	1	77	0	3	2	0	0	0	0	0	0	0	earth	20	1		0
7393	78	1	95	0	3	0	20	20	0	20	0	0	0	-	0	1		0
7394	52	1	125	0	2	0	18	18	18	0	18	18	18	water	100	1	demon	0
7395	130	1	170	0	3	0	35	35	0	35	0	0	0	-	0	1		0
7396	135	175	175	0	2	0	0	0	0	75	0	0	0	-	0	1		0
7397	85	1	290	0	3	0	0	0	0	0	0	0	0	-	0	1	demon	0
7398	130	1	410	0	3	0	0	0	0	0	0	0	0	-	0	1	demon	0
7399	220	150	190	0	2	0	0	0	0	0	0	0	0	earth	30	1		0
7400	250	180	220	0	3	0	0	0	0	0	0	0	0	earth	30	1		0
7401	142	230	130	0	2	0	0	0	0	0	0	0	0	-	0	1		0
7402	180	300	250	0	3	0	40	40	40	0	30	-30	30	air	50	1	undead,spectral	0
7403	220	380	380	0	3	0	120	120	120	0	115	115	115	air	40	1	undead,spectral	0
7404	120	1	300	0	2	0	0	0	0	0	0	0	0	air	25	1		0
7405	250	1	270	0	5	0	0	50	50	0	0	0	0	-	0	1	leafy	0
7406	390	1	240	0	2	0	0	0	0	850	80	80	80	air	20	1		0
7407	190	1	270	0	3	0	50	50	0	50	50	50	50	earth	40	1	golem	0
7409	220	300	550	0	4	0	75	80	200	190	200	200	200	-	0	1		0
7410	240	1	400	0	1	0	50	50	50	0	50	50	50	-	0	1	demon	0
7411	140	1	320	0	2	0	30	30	30	0	30	30	30	-	0	1	demon	0
7416	60	1	120	0	2	0	35	40	45	20	20	20	20	earth	20	1		0
7418	90	1	45	0	1	0	0	0	0	0	0	0	0	-	0	0		0
7419	90	1	45	0	1	0	0	0	0	0	0	0	0	-	0	0		0
7420	80	1	50	0	1	0	0	0	0	0	0	0	0	-	0	0		0
7421	80	1	50	0	1	0	0	0	0	0	0	0	0	-	0	0		0
7422	82	85	50	0	1	0	0	0	0	0	0	0	0	-	0	0		0
7423	80	85	50	0	1	0	0	0	0	0	0	0	0	-	0	0		0
7424	35	1	20	0	1	0	5	15	15	0	5	5	5	-	0	0		0
7426	12	20	25	0	1	0	0	0	0	0	0	0	0	-	0	0		0
7485	61	1	65	0	1	0	20	20	0	0	10	10	10	fire	50	1	undead	0
7486	47	1	50	0	1	0	20	20	0	0	10	10	10	fire	50	1	undead	0
7487	62	1	71	0	1	0	20	20	0	0	10	10	10	fire	50	1	undead	0
7488	62	1	68	0	1	0	20	20	0	0	10	10	10	fire	50	1	undead	0
7513	100	80	320	180	3	0	200	200	200	-60	200	200	200	-	0	0		0
7515	100	180	320	80	3	0	200	200	200	-60	200	200	200	-	0	1	demon	0
7527	160	150	180	0	3	0	150	150	150	20	400	400	400	-	0	0	xerician	0
7528	160	150	180	0	3	0	55	60	100	400	300	300	300	-	0	0	xerician	0
7529	160	150	180	40	3	0	315	340	400	110	50	50	50	-	0	0	xerician	0
7530	88	88	200	0	5	0	0	0	0	70	20	60	60	fire	50	0	xerician,flying	0
7533	176	176	250	0	4	0	0	0	0	60	140	140	110	fire	50	0	xerician	0
7538	40	40	100	0	3	0	0	0	0	30	0	0	0	-	0	0	xerician,flying	0
7540	205	205	300	0	4	0	155	165	105	0	0	0	0	water	20	0	xerician	0
7543	205	205	300	0	4	0	280	290	180	0	0	0	0	water	20	0	xerician	0
7548	45	1	30	0	2	0	0	0	0	0	0	0	0	-	0	0	xerician	0
7550	175	87	600	60	5	0	200	200	200	50	200	200	200	earth	50	0	dragon,xerician	0
7551	150	250	800	60	5	0	200	200	200	200	50	50	50	earth	50	0	dragon,xerician	0
7552	175	175	600	60	5	0	50	50	50	200	200	200	200	earth	50	0	dragon,xerician	0
7559	155	155	120	0	1	0	0	0	0	0	0	0	0	-	0	0	xerician	0
7560	155	210	120	120	1	0	0	0	0	0	0	0	0	-	0	0	xerician	0
7561	220	250	250	0	5	0	-5	82	60	75	0	0	0	earth	40	0	xerician	0
7562	138	1	250	0	3	0	-5	72	50	60	0	0	0	earth	40	0	xerician	0
7566	175	230	300	0	5	0	170	190	40	400	40	40	30	-	0	0	xerician	0
7568	100	100	120	0	4	0	-5	180	180	0	0	0	0	-	0	0	xerician	0
7569	100	1	250	0	0	0	80	180	-10	0	0	0	0	-	0	0	xerician	0
7573	210	130	190	0	3	0	102	160	150	160	0	0	0	-	0	1	xerician	0
7584	160	390	140	0	2	0	70	70	110	40	140	140	140	fire	150	0	demon,xerician	0
7604	187	140	160	40	2	0	155	155	75	140	115	115	75	-	0	1	undead,xerician	0
7620	20	1	45	0	2	0	0	0	0	0	0	0	0	-	0	1		0
7621	80	1	170	0	1	0	0	0	0	0	0	0	0	-	0	0		0
7649	70	380	50	0	1	0	0	0	0	0	0	0	0	-	0	0		0
7658	90	1	90	0	1	0	90	90	30	90	0	0	0	-	0	0		0
7659	90	1	90	0	1	0	90	90	30	90	0	0	0	-	0	0		0
7660	90	1	90	0	1	0	90	90	30	90	0	0	0	-	0	0		0
7661	90	1	90	0	1	0	90	90	30	90	0	0	0	-	0	0		0
7662	90	1	90	0	1	0	90	90	30	90	0	0	0	-	0	0		0
7679	190	40	200	0	1	0	0	0	0	0	0	0	0	water	40	1		0
7691	15	15	10	0	1	0	-20	-20	-20	-20	-20	-20	-20	water	40	1		0
7692	55	120	25	0	2	0	30	30	30	-20	45	45	45	water	40	1		0
7693	95	160	40	45	3	0	25	25	25	25	25	25	25	water	40	1		0
7694	95	120	15	25	1	0	0	0	0	25	0	0	0	water	40	1		0
7695	95	1	15	0	1	0	0	0	0	0	25	25	25	water	40	1		0
7696	95	1	15	0	1	0	25	25	25	0	0	0	0	water	40	1		0
7697	120	120	75	0	4	0	65	65	65	30	50	50	50	water	40	1		0
7698	60	90	125	0	3	0	0	0	0	0	0	0	0	water	40	1		0
7699	260	300	220	80	4	0	0	0	0	0	0	0	0	water	40	1		0
7700	480	510	350	100	5	0	0	0	0	0	0	0	0	water	40	1		0
7701	100	150	90	100	1	0	0	0	0	130	130	130	130	water	40	1		0
7706	260	150	1200	550	7	0	0	0	0	350	100	100	100	water	40	1		0
7708	100	1	75	0	1	0	0	0	0	0	0	0	0	water	40	1		0
7792	90	90	200	0	3	0	70	70	70	140	120	120	70	air	25	1	dragon	0
7793	90	90	200	0	3	0	50	70	70	140	120	70	120	air	35	1	dragon	0
7794	90	125	200	0	3	0	50	70	70	140	120	70	120	air	25	1	dragon	0
7795	150	90	300	0	5	0	50	70	70	170	120	120	90	air	35	1	dragon	0
7796	40	1	50	0	3	0	30	50	15	99	70	70	70	earth	25	1		0
7797	80	80	150	0	2	0	20	20	20	30	30	30	30	fire	40	1		0
7799	1	1	100	0	2	0	0	0	0	0	0	0	0	earth	25	1		0
7802	20	1	25	0	1	0	0	0	0	0	0	0	0	-	0	0		0
7804	70	1	200	0	2	0	0	0	0	0	0	0	0	-	0	0		0
7806	280	1	200	0	1	0	20	20	50	300	300	300	300	-	0	1		0
7851	100	140	450	0	4	-1	0	0	0	0	0	0	0	earth	40	1	golem	0
7852	100	100	450	0	4	0	0	0	0	80	0	0	0	earth	70	1	flying,golem	0
7861	200	150	250	0	4	0	0	70	70	60	50	50	10	water	50	1	dragon,fiery	0
7864	80	1	100	0	1	0	0	0	0	0	0	0	0	air	40	1	undead,spectral	0
7865	71	1	110	0	2	0	0	0	0	-10	0	0	0	water	40	1	demon	0
7868	68	75	100	0	4	0	0	40	40	30	50	50	10	water	50	1	dragon,fiery	0
7871	81	1	120	0	3	0	0	0	0	-10	0	0	0	water	40	1	demon	0
7874	152	1	200	0	3	0	0	0	0	-10	0	0	0	water	40	1	demon	0
7877	102	1	150	0	2	0	0	0	0	0	0	0	0	water	50	1	demon	0
7878	40	1	100	0	2	0	0	3	2	0	0	0	0	fire	100	1		0
7879	40	1	100	0	2	0	0	3	2	0	0	0	0	fire	100	1		0
7880	40	1	100	0	2	0	0	3	2	0	0	0	0	fire	100	1		0
7881	4	9	10	5	1	0	0	0	0	5	0	0	0	air	30	1	undead,spectral	0
7887	150	250	450	0	6	0	0	0	0	0	0	0	0	earth	40	1	golem	0
7894	20	1	180	0	3	0	0	0	0	0	0	0	0	earth	40	0		0
7895	20	1	60	0	3	0	0	0	0	0	0	0	0	earth	40	0		0
7903	20	1	60	0	3	0	0	0	0	0	0	0	0	earth	40	0		0
7914	14	1	22	0	1	0	24	14	19	4	16	16	16	-	0	0		0
7915	14	1	22	0	1	0	24	14	19	4	16	16	16	-	0	0		0
7916	14	1	22	0	1	0	24	14	19	4	16	16	16	-	0	0		0
7931	14	12	14	37	1	0	25	28	31	1	31	31	31	air	30	1	undead,spectral	0
7932	33	67	48	0	1	0	45	40	50	15	10	10	10	air	30	1	undead,spectral	0
7933	41	55	72	5	1	0	65	60	68	30	50	50	20	air	30	1	undead,spectral	0
7934	49	65	110	0	3	0	110	130	135	10	135	135	95	air	30	1	undead,spectral	0
7935	80	104	80	30	3	0	98	140	142	62	110	140	140	air	30	1	undead,spectral	0
7936	80	120	80	50	3	0	124	118	130	85	90	90	90	air	30	1	undead,spectral	0
7937	60	110	105	0	3	0	118	150	146	50	148	148	118	air	30	1	undead,spectral	0
7938	80	130	140	0	3	0	113	152	155	70	158	158	118	air	30	1	undead,spectral	0
7939	80	146	143	55	1	0	145	200	180	95	190	190	150	air	30	1	undead,spectral	0
7940	87	150	155	61	5	0	143	206	188	101	197	197	157	air	30	1	undead,spectral	0
7948	80	90	160	0	1	0	0	0	0	0	0	0	0	-	0	0		0
7949	30	30	55	0	1	0	0	0	0	0	0	0	0	-	0	0		0
7955	70	1	80	0	2	0	0	50	50	40	30	30	5	-	0	1	dragon	0
7964	30	30	55	0	1	0	0	0	0	0	0	0	0	-	0	0		0
7989	82	60	82	0	2	0	10	12	12	14	16	16	16	earth	20	1		0
7990	82	60	82	0	2	0	10	12	12	14	16	16	16	earth	20	1		0
7991	82	68	82	0	2	0	12	14	14	16	8	8	8	earth	20	1		0
7996	38	1	150	0	1	0	-10	25	0	0	0	0	0	-	0	1		0
7997	38	1	50	0	1	0	-10	25	0	0	0	0	0	-	0	1		0
8000	38	1	50	0	1	0	-10	25	0	0	0	0	0	-	0	1		0
8027	276	196	330	0	4	0	20	115	90	30	95	95	50	earth	50	0	dragon	0
8030	272	186	295	0	5	0	20	110	85	30	95	95	65	earth	50	1	dragon,fiery	0
8031	276	196	330	0	5	0	20	115	90	30	95	95	50	earth	50	1	dragon,fiery	0
8056	60	1	80	1	1	0	5	15	15	0	5	5	5	-	0	0		0
8057	140	128	280	0	1	0	140	180	60	940	860	860	860	-	0	0		0
8058	164	148	460	148	7	0	66	126	126	204	80	80	80	fire	40	1	dragon,undead,fiery	0
8059	214	150	750	150	7	0	26	108	108	240	26	26	26	fire	40	1	dragon,undead,fiery	0
8062	4	1	8	0	1	0	3	3	3	-100	3	3	3	fire	50	0	undead	0
8063	6	1	38	0	1	0	3	3	3	-100	3	3	3	fire	50	0	undead	0
8064	138	118	62	0	1	0	25	25	15	10	40	40	40	earth	40	0	golem	0
8065	138	118	62	0	1	0	10	10	0	55	25	25	25	earth	40	0	golem	0
8066	138	128	62	10	1	0	40	40	35	35	0	0	0	earth	40	0	golem	0
8067	62	1	54	0	1	0	25	20	25	10	30	30	30	fire	50	1	undead	0
8068	62	1	54	0	1	0	15	10	15	30	20	20	20	fire	50	1	undead	0
8069	62	180	54	20	1	0	35	30	35	20	10	10	10	fire	50	1	undead	0
8070	62	1	54	0	1	0	25	20	25	10	30	30	30	earth	35	1	undead	0
8071	62	1	54	0	1	0	15	10	15	30	20	20	20	earth	35	1	undead	0
8072	62	180	54	20	1	0	35	30	35	20	10	10	10	earth	35	1	undead	0
8094	188	160	1200	160	7	0	80	140	140	280	86	86	86	water	40	0	dragon,fiery	0
8096	188	160	1200	160	7	0	80	140	140	280	86	86	86	water	40	0	dragon,fiery	0
8097	188	160	1200	160	7	0	80	140	140	280	86	86	86	water	40	0	dragon,fiery	0
8098	188	160	1200	160	7	0	80	140	140	280	86	86	86	water	40	0	dragon,fiery	0
8137	20	1	4	0	1	0	20	20	10	17	20	20	20	fire	50	1		0
8139	24	1	60	0	2	0	0	0	0	0	0	0	0	-	0	0		0
8194	40	1	10	0	1	0	0	0	0	0	0	0	0	-	0	0		0
8195	100	90	115	0	3	0	0	0	0	0	0	0	0	fire	50	1		0
8242	120	120	400	0	1	0	60	60	60	60	60	60	60	-	0	1	vampyre3	0
8248	120	120	400	0	1	0	60	60	60	60	60	60	60	-	0	1	vampyre3	0
8252	75	75	75	0	1	0	0	0	0	0	0	0	0	-	0	1	vampyre3	0
8260	110	110	200	0	2	0	80	80	80	20	180	180	180	-	0	0		0
8297	50	50	75	0	1	0	100	100	100	100	-55	-55	-55	earth	35	1		0
8298	50	50	75	0	1	0	100	100	100	100	-55	-55	-55	earth	35	1		0
8299	50	50	75	0	1	0	100	100	100	100	-55	-55	-55	earth	35	1		0
8340	250	220	5000	0	5	0	0	0	0	0	160	160	160	air	50	0		0
8342	1	1	11	1073	1	0	0	0	0	0	0	0	0	fire	15	0		0
8343	1	1	11	1073	1	0	0	0	0	0	0	0	0	fire	15	0		0
8344	1	1	11	1073	1	0	0	0	0	0	0	0	0	fire	15	0		0
8345	20	20	22	500	2	0	0	0	0	0	0	0	0	fire	15	0		0
8346	20	20	22	500	2	0	0	0	0	0	0	0	0	fire	15	0		0
8347	20	20	22	500	2	0	0	0	0	0	0	0	0	fire	15	0		0
8354	50	50	2500	600	4	0	0	0	0	0	0	0	0	fire	15	0		0
8359	100	150	2000	0	5	0	40	20	40	600	800	800	800	-	0	0	undead	0
8360	200	350	3500	300	6	0	0	0	0	0	0	0	0	-	0	0		0
8361	200	350	2450	300	6	0	0	0	0	0	0	0	0	-	0	0		0
8362	200	350	1750	300	6	0	0	0	0	0	0	0	0	-	0	0		0
8363	200	350	1050	300	6	0	0	0	0	0	0	0	0	-	0	0		0
8366	100	100	100	0	2	0	0	0	0	0	0	0	0	fire	15	0		0
8367	0	0	7	0	1	0	0	0	0	0	0	0	0	earth	50	0		1
8369	20	400	2000	80	5	0	20	20	20	20	20	20	20	-	0	0		0
8372	200	400	3500	80	3	0	100	60	100	70	250	250	250	-	0	0		0
8374	150	300	3500	80	7	0	70	30	70	100	230	230	230	fire	50	0		0
8384	50	50	180	0	3	0	0	0	0	0	0	0	0	fire	15	0		0
8385	50	50	200	0	2	0	0	0	0	0	0	0	0	fire	15	0		0
8387	200	250	4000	-10	5	0	70	70	70	30	150	150	150	-	0	0		0
8428	170	60	235	0	3	0	0	0	0	200	0	0	0	-	0	0		0
8439	160	60	220	0	3	0	0	0	0	200	0	0	0	fire	40	0		0
8496	10	1	18	0	1	0	0	0	0	5	10	10	10	-	0	1		0
8512	10	1	20	0	1	0	0	0	0	0	0	0	0	-	0	0	undead	0
8514	20	1	30	0	1	0	0	0	0	0	0	0	0	air	15	0	undead	0
8528	20	1	30	0	1	0	0	0	0	0	0	0	0	air	15	0	undead	0
8529	20	1	98	0	1	0	0	0	0	0	0	0	0	air	15	0	undead	0
8564	65	1	60	0	1	-2	-20	30	10	0	-10	0	0	-	0	1		0
8565	140	130	150	0	2	0	-20	40	30	50	-10	0	0	-	0	1		0
8578	15	1	25	0	1	0	0	0	0	0	0	0	0	earth	20	0		0
8583	120	126	300	150	3	0	60	20	60	80	80	80	80	fire	100	0		0
8584	0	1	10	0	1	0	0	0	0	0	0	0	0	-	0	0		0
8609	100	210	300	0	3	0	160	160	160	160	0	0	0	earth	40	1	dragon	0
8610	80	80	120	0	3	1	10	50	50	50	20	20	10	earth	50	1	dragon	0
8611	80	80	120	0	3	1	10	50	50	50	20	20	10	earth	50	1	dragon	0
8612	120	112	225	0	5	2	5	60	60	20	100	100	0	water	50	1	dragon	0
8614	30	1	50	0	2	-1	15	25	25	0	15	15	15	-	0	1		0
8615	100	260	1100	45	6	0	75	150	150	150	45	45	45	earth	50	1	dragon	0
8619	100	260	1100	45	6	0	75	150	150	150	45	45	45	earth	50	1	dragon	0
8620	100	260	1100	45	6	0	75	150	150	150	45	45	45	earth	50	1	dragon	0
8621	100	260	1100	45	6	0	75	150	150	150	45	45	45	earth	50	1	dragon	0
8633	120	60	230	180	5	0	160	165	150	30	145	145	145	-	0	0		0
8635	80	1	40	0	1	0	96	108	113	-4	97	97	97	-	0	0		0
8636	80	1	40	0	1	0	55	47	60	60	55	55	55	-	0	0		0
8637	80	110	40	145	1	0	5	6	5	65	-5	-5	-5	-	0	0		0
8698	18	30	16	0	1	0	0	0	0	0	0	0	0	-	0	0		0
8700	6	1	23	0	2	0	0	0	0	0	0	0	0	earth	25	0		0
8701	4	1	18	0	1	0	0	0	0	0	0	0	0	earth	25	0		0
8702	3	1	8	0	1	0	0	0	0	0	0	0	0	earth	40	0		0
8703	10	1	70	0	1	0	20	30	10	25	20	20	20	fire	40	1		0
8709	50	250	210	0	3	0	50	30	100	150	50	50	50	-	0	0		0
8713	150	150	400	0	5	0	60	40	10	150	300	300	300	fire	40	1		0
8714	50	1	30	0	2	0	50	50	20	-10	150	150	20	-	0	1		0
8715	50	100	30	0	2	0	50	50	50	150	0	0	0	-	0	1		0
8736	60	1	120	0	2	0	0	0	0	0	0	0	0	fire	50	1		0
8741	0	1	10	0	0	0	-10	-10	-10	50	-10	-10	-10	-	0	0		0
8742	0	1	10	0	0	0	-10	-10	-10	50	-10	-10	-10	-	0	0		0
8743	0	1	10	0	0	0	-10	-10	-10	50	-10	-10	-10	-	0	0		0
8744	0	1	10	0	0	0	-10	-10	-10	50	-10	-10	-10	-	0	0		0
8745	0	1	10	0	0	0	-10	-10	-10	50	-10	-10	-10	-	0	0		0
8746	0	1	10	0	0	0	-10	-10	-10	50	-10	-10	-10	-	0	0		0
8747	0	1	10	0	0	0	-10	-10	-10	50	-10	-10	-10	-	0	0		0
8748	0	1	10	0	0	0	-10	-10	-10	50	-10	-10	-10	-	0	0		0
8749	0	1	10	0	0	0	-10	-10	-10	50	-10	-10	-10	-	0	0		0
8750	0	1	10	0	0	0	-10	-10	-10	50	-10	-10	-10	-	0	0		0
8751	0	1	10	0	0	0	-10	-10	-10	50	-10	-10	-10	-	0	0		0
8752	0	1	10	0	0	0	-10	-10	-10	50	-10	-10	-10	-	0	0		0
8753	0	1	10	0	0	0	-10	-10	-10	50	-10	-10	-10	-	0	0		0
8754	0	1	10	0	0	0	-10	-10	-10	50	-10	-10	-10	-	0	0		0
8755	0	1	10	0	0	0	-10	-10	-10	50	-10	-10	-10	-	0	0		0
8756	0	1	10	0	0	0	-10	-10	-10	50	-10	-10	-10	-	0	0		0
8757	0	1	10	0	0	0	-10	-10	-10	50	-10	-10	-10	-	0	0		0
8760	80	1	105	0	1	0	50	50	50	60	70	70	70	-	0	1		0
8844	12	1	13	0	1	0	5	25	25	15	5	5	5	-	0	0		0
8845	30	1	29	0	1	0	20	40	40	30	20	20	20	-	0	0		0
8846	80	1	100	0	1	0	40	60	60	50	40	40	40	-	0	0		0
8847	104	104	320	0	1	0	40	40	20	30	120	120	120	-	0	0		0
8849	28	1	55	0	1	0	20	40	40	30	20	20	20	-	0	0		0
8850	64	1	82	0	1	0	87	84	76	-10	79	79	79	-	0	0		0
8851	14	1	40	0	1	0	5	25	25	15	5	5	5	-	0	0		0
8852	28	1	54	0	1	0	20	40	40	30	20	20	20	-	0	0		0
8853	54	1	57	0	1	0	87	84	76	-10	79	79	79	-	0	0		0
8854	31	1	52	0	1	0	39	40	36	-11	36	36	36	-	0	0		0
8865	102	102	300	0	0	0	80	80	80	260	180	180	180	-	0	0		0
8917	102	102	1000	0	3	0	320	220	320	10	480	480	480	-	0	0		0
8978	35	1	32	0	1	0	15	16	7	12	16	16	16	fire	50	1		0
8987	54	1	57	0	1	0	87	84	76	-10	79	79	79	-	0	0		0
8988	54	1	57	0	1	0	87	84	76	-10	79	79	79	-	0	0		0
8989	54	1	57	0	1	0	87	84	76	-10	79	79	79	-	0	0		0
8993	78	1	78	0	3	0	20	17	12	13	13	13	13	-	0	0		0
8994	77	1	87	0	3	0	0	0	0	-10	0	0	0	-	0	0	demon	0
8995	77	1	87	0	3	0	0	0	0	-10	0	0	0	-	0	0	demon	0
8996	77	1	87	0	3	0	0	0	0	-10	0	0	0	-	0	0	demon	0
8997	12	1	20	0	1	0	0	0	0	0	0	0	0	-	0	0		0
9008	10	1	19	0	1	0	3	2	4	0	0	0	0	-	0	0		0
9013	8	1	19	0	1	0	6	6	9	0	0	0	0	-	0	0		0
9017	80	1	105	0	1	0	50	70	70	60	50	50	50	-	0	1		0
9021	240	240	600	76	5	0	20	20	20	20	20	20	20	-	0	0		0
9026	4	6	12	0	2	0	0	0	0	0	0	0	0	-	0	0		0
9027	4	4	12	0	2	0	0	0	0	0	0	0	0	-	0	0		0
9028	4	2	12	0	2	0	0	0	0	0	0	0	0	-	0	0		0
9029	18	24	38	0	2	0	0	0	0	0	0	0	0	-	0	0		0
9030	18	18	38	0	2	0	0	0	0	0	0	0	0	-	0	0		0
9031	18	22	38	0	2	0	0	0	0	0	0	0	0	-	0	0		0
9032	98	98	100	0	3	0	0	0	0	0	0	0	0	-	0	0		0
9033	98	98	100	54	4	0	0	0	0	0	0	0	0	-	0	0		0
9034	98	98	100	0	3	0	0	0	0	0	0	0	0	-	0	0		0
9035	240	240	1000	90	5	0	20	20	20	20	20	20	20	-	0	0		0
9040	4	6	12	0	2	0	0	0	0	0	0	0	0	-	0	0		0
9041	4	4	12	0	1	0	0	0	0	0	0	0	0	-	0	0		0
9042	4	2	12	0	2	0	0	0	0	0	0	0	0	-	0	0		0
9043	18	24	38	0	2	0	0	0	0	0	0	0	0	-	0	0		0
9044	18	18	38	0	2	0	0	0	0	0	0	0	0	-	0	0		0
9045	18	22	38	0	2	0	0	0	0	0	0	0	0	-	0	0		0
9046	98	98	100	0	3	0	0	0	0	0	0	0	0	-	0	0		0
9047	98	98	100	146	4	0	0	0	0	0	0	0	0	-	0	0		0
9048	98	98	100	0	3	0	0	0	0	0	0	0	0	-	0	0		0
9049	1	1	300	0	5	0	0	0	0	0	0	0	0	-	0	0		0
9050	1	1	1000	0	5	0	0	0	0	0	0	0	0	-	0	0		0
9051	1	1	14	0	1	0	0	0	0	0	0	0	0	-	0	0		0
9118	450	300	2000	0	1	0	150	150	150	150	200	200	200	-	0	0		0
9181	62	1	74	0	2	0	0	0	0	0	0	0	0	-	0	1		0
9182	80	1	105	0	1	0	50	70	70	60	50	50	50	-	0	1		0
9183	80	1	105	0	1	0	50	70	70	60	50	50	50	-	0	1		0
9184	80	1	105	0	1	0	50	70	70	60	50	50	50	-	0	1		0
9185	80	1	105	0	1	0	50	70	70	60	50	50	50	-	0	1		0
9186	80	1	105	0	1	0	50	70	70	60	50	50	50	-	0	1		0
9187	80	1	105	0	1	0	50	70	70	60	50	50	50	-	0	1		0
9188	80	1	105	0	1	0	50	70	70	60	50	50	50	-	0	1		0
9246	102	102	300	0	1	0	80	80	80	260	180	180	180	-	0	0		0
9247	104	104	320	0	1	0	40	40	20	30	120	120	120	-	0	0		0
9248	102	102	300	0	1	0	80	80	80	260	180	180	180	-	0	0		0
9249	104	104	320	0	1	0	40	40	20	30	120	120	120	-	0	0		0
9258	274	274	520	0	3	0	50	50	10	50	10	10	10	earth	40	1		0
9282	70	1	60	0	1	0	20	20	0	20	0	0	0	earth	40	1		0
9283	75	1	75	0	2	0	20	20	0	20	0	0	0	earth	40	1		0
9285	75	1	75	0	2	0	20	20	0	20	0	0	0	earth	40	1		0
9287	130	1	170	0	3	0	35	35	0	35	0	0	0	earth	40	1		0
9290	214	214	600	0	5	0	50	50	10	50	50	50	50	earth	40	1		0
9293	186	186	300	0	3	0	30	30	-15	30	20	20	-15	earth	40	1		0
9295	186	186	360	0	3	0	30	30	0	30	0	0	0	-	0	1		0
9416	150	150	3200	220	5	0	120	180	40	600	600	600	600	-	0	0		0
9425	150	150	2400	140	5	0	120	180	40	600	600	600	600	-	0	0		0
9435	0	1	200	0	3	0	0	0	0	0	0	0	0	fire	70	0		1
9436	0	1	200	0	3	0	0	0	0	0	0	0	0	-	0	0		1
9446	0	0	10	0	1	0	-100	-100	-100	-100	-100	-100	-100	-	0	0		0
9447	0	0	10	0	1	0	-100	-100	-100	-100	-100	-100	-100	-	0	0		0
9448	0	0	10	0	1	0	-100	-100	-100	-100	-100	-100	-100	-	0	0		0
9449	0	0	10	0	1	0	-100	-100	-100	-100	-100	-100	-100	-	0	0		0
9450	0	0	10	0	1	0	-100	-100	-100	-100	-100	-100	-100	-	0	0		0
9451	0	0	10	0	1	0	-100	-100	-100	-100	-100	-100	-100	-	0	0		0
9452	60	60	80	20	1	0	60	80	20	120	120	120	120	-	0	0		0
9453	40	60	40	12	1	0	50	70	10	100	100	100	100	-	0	0		0
9454	20	80	20	0	1	0	20	20	20	80	80	80	80	-	0	0		0
9455	20	80	20	0	1	0	20	20	20	80	80	80	80	-	0	0		0
9465	68	1	184	0	2	0	18	18	18	0	18	18	18	-	0	1	demon	0
9466	20	80	20	168	1	0	20	20	20	80	80	80	80	-	0	0		0
9467	20	0	20	0	1	0	20	20	20	80	80	80	80	-	0	0		0
9468	60	60	55	84	1	0	60	80	20	120	120	120	120	fire	50	0		0
9469	40	60	55	44	1	0	50	70	10	100	100	100	100	fire	50	0		0
9470	0	0	10	0	1	0	-100	-100	-100	-100	-100	-100	-100	-	0	0		0
9483	1	1	3	0	2	0	-100	-100	-100	0	-100	-100	-100	-	0	0		0
9502	80	1	105	0	1	0	50	70	70	60	50	50	50	-	0	1		0
9560	80	80	209	36	1	0	50	50	50	50	50	50	50	-	0	1	vampyre1	0
9561	160	160	217	18	1	0	30	30	30	30	30	30	30	-	0	1	vampyre3	0
9567	180	180	750	16	1	0	34	34	34	34	34	34	34	-	0	1	vampyre3	0
9573	2	1	5	0	1	0	-100	-100	-100	-100	-100	-100	-100	-	0	0		0
9609	1	1	10	0	1	0	-42	-42	-42	-42	-42	-42	-42	air	20	1		0
9614	65	50	150	0	1	0	0	0	0	0	0	0	0	-	0	1	vampyre2	0
9727	30	1	85	0	1	0	0	0	0	0	0	0	0	-	0	1	vampyre2	0
9731	30	1	60	0	1	0	0	0	0	0	0	0	0	-	0	1	vampyre1	0
9756	180	120	150	0	1	0	0	0	0	0	100	100	100	-	0	1	vampyre3	0
9757	180	120	150	0	1	0	0	0	0	0	100	100	100	-	0	1	vampyre3	0
9758	180	120	150	0	1	0	0	0	0	0	100	100	100	-	0	1	vampyre3	0
9759	180	120	150	0	1	0	0	0	0	0	100	100	100	-	0	1	vampyre3	0
9760	180	120	150	0	1	0	0	0	0	0	100	100	100	-	0	1	vampyre3	0
9761	180	120	150	0	1	0	0	0	0	0	100	100	100	-	0	1	vampyre3	0
9762	180	120	150	0	1	0	0	0	0	0	100	100	100	-	0	1	vampyre3	0
9763	180	120	150	0	1	0	0	0	0	0	100	100	100	-	0	1	vampyre3	0
10374	26	1	35	0	2	0	0	0	0	0	0	0	0	earth	25	1		0
10375	26	1	35	0	2	0	0	0	0	0	0	0	0	earth	25	1		0
10376	26	1	35	0	2	0	0	0	0	0	0	0	0	earth	25	1		0
10393	14	0	22	0	0	0	0	0	0	0	0	0	0	-	0	0		0
10394	14	0	22	0	0	0	0	0	0	0	0	0	0	-	0	0		0
10395	14	0	22	0	0	0	0	0	0	0	0	0	0	-	0	0		0
10397	154	1	195	0	3	0	0	40	40	0	0	0	0	-	0	1	leafy	0
10398	125	160	290	0	5	2	20	100	100	50	20	0	20	earth	50	1	dragon	0
10399	125	160	290	0	5	2	20	100	100	50	20	0	20	earth	50	1	dragon	0
10400	200	300	590	0	5	3	20	100	100	20	150	150	0	water	50	1	dragon	0
10402	100	250	750	0	5	0	100	200	200	200	20	20	20	-	0	1	dragon	0
10435	25	25	40	0	3	0	0	30	10	30	0	0	0	-	0	1		0
10436	25	25	40	0	3	0	0	30	10	30	0	0	0	-	0	0		0
10492	42	42	320	0	3	0	18	18	18	6	52	52	0	-	0	0	undead	0
10493	42	42	100	0	3	0	18	18	18	6	52	52	0	-	0	0	undead	0
10495	1	1	3	0	1	0	-42	-42	-42	-42	-42	-42	-42	-	0	1		0
10506	42	42	100	0	3	0	18	18	18	6	52	52	52	-	0	0	undead	0
10522	30	30	80	0	2	0	10	10	10	10	10	10	10	fire	25	0		0
10523	20	20	50	0	1	0	10	10	10	10	10	10	10	air	50	0	undead	0
10525	30	30	80	0	1	0	10	10	10	10	10	10	10	air	50	0	undead	0
10531	10	10	1500	0	5	0	20	20	20	20	20	20	20	-	0	1		0
10532	10	10	1500	0	5	0	20	20	20	20	20	20	20	-	0	1		0
10544	12	10	50	0	1	0	0	0	0	0	0	0	0	air	50	1	undead,spectral	0
10545	12	10	50	0	1	0	0	0	0	0	0	0	0	air	50	1	undead,spectral	0
10589	100	0	130	0	1	-3	0	0	0	0	0	0	0	air	40	1	shade,undead,spectral	0
10591	38	1	28	0	1	0	20	20	0	0	10	10	10	fire	50	0		0
10592	38	1	28	0	1	0	20	20	0	0	10	10	10	fire	50	0		0
10654	25	1	40	0	2	0	40	40	0	5	30	30	30	-	0	0		0
10666	25	1	40	0	2	0	40	40	0	5	30	30	30	-	0	0		0
10689	59	1	94	0	2	3	5	5	0	2	10	10	10	earth	35	0	golem	0
10690	59	1	94	0	2	3	5	5	0	2	10	10	10	earth	35	0		0
10691	45	1	60	0	2	2	5	5	0	2	10	10	10	earth	35	0	golem	0
10692	45	1	60	0	2	2	5	5	0	2	10	10	10	earth	35	0		0
10693	25	1	40	0	2	1	5	5	0	2	10	10	10	earth	35	0	golem	0
10694	25	1	40	0	2	1	5	5	0	2	10	10	10	earth	35	0		0
10695	6	1	25	0	2	1	5	5	0	2	10	10	10	earth	35	0	golem	0
10696	6	1	25	0	2	1	5	5	0	2	10	10	10	earth	35	0		0
10717	24	1	17	0	1	0	9	11	-1	1	4	4	4	earth	35	1	undead	0
10718	24	1	17	0	1	0	9	11	-1	1	4	4	4	earth	35	1	undead	0
10719	24	1	17	0	1	0	9	11	-1	1	4	4	4	earth	35	1	undead	0
10720	24	1	17	0	1	0	9	11	-1	1	4	4	4	earth	35	1	undead	0
10721	24	1	17	0	1	0	9	11	-1	1	4	4	4	earth	35	1	undead	0
10722	43	1	65	0	1	0	20	17	12	13	13	13	13	fire	100	1		0
10768	100	80	3400	0	5	0	0	0	0	0	100	100	100	air	50	0		0
10772	200	220	6000	0	5	0	0	0	0	0	160	160	160	air	50	0		0
10774	1	1	2	505	1	0	0	0	0	0	0	0	0	fire	15	0		0
10775	1	1	2	505	1	0	0	0	0	0	0	0	0	fire	15	0		0
10776	1	1	2	505	1	0	0	0	0	0	0	0	0	fire	15	0		0
10777	6	6	3	400	2	0	0	0	0	0	0	0	0	fire	15	0		0
10778	6	6	3	400	2	0	0	0	0	0	0	0	0	fire	15	0		0
10779	6	6	3	400	2	0	0	0	0	0	0	0	0	fire	15	0		0
10786	50	20	1440	380	4	0	0	0	0	0	0	0	0	fire	15	0		0
10803	25	25	400	300	3	0	0	0	0	0	0	0	0	fire	15	0		0
10805	25	25	400	300	3	0	0	0	0	0	0	0	0	fire	15	0		0
10806	25	25	400	300	3	0	0	0	0	0	0	0	0	fire	15	0		0
10807	50	50	2500	600	4	0	0	0	0	0	0	0	0	fire	15	0		0
10812	80	120	1280	0	5	0	10	5	10	600	800	800	800	-	0	0	undead	0
10813	100	150	2400	0	5	0	40	20	40	600	800	800	800	-	0	0	undead	0
10814	80	140	2000	150	6	0	0	0	0	0	0	0	0	-	0	0		0
10820	100	100	64	0	2	0	0	0	0	0	0	0	0	fire	15	0		0
10822	200	350	3500	300	6	0	0	0	0	0	0	0	0	-	0	0		0
10828	100	100	100	0	2	0	0	0	0	0	0	0	0	fire	15	0		0
10830	10	180	1200	32	5	0	10	10	10	10	10	10	10	-	0	0		0
10833	120	180	1600	32	3	0	40	20	40	40	180	180	180	-	0	0		0
10835	120	180	2400	20	7	0	30	10	30	60	100	100	100	fire	50	0		0
10844	40	40	30	0	3	0	0	0	0	0	0	0	0	fire	15	0		0
10847	20	400	2000	80	5	0	20	20	20	20	20	20	20	-	0	0		0
10850	200	400	3500	80	3	0	100	60	100	70	250	250	250	-	0	0		0
10852	150	300	3500	80	7	0	70	30	70	100	230	230	230	fire	50	0		0
10862	100	100	200	0	2	0	0	0	0	0	0	0	0	fire	15	0		0
10864	150	150	2240	-10	5	0	30	30	30	10	120	120	120	-	0	0		0
10867	200	250	4000	-10	5	0	70	70	70	30	150	150	150	-	0	0		0
10936	84	84	260	0	3	0	40	40	40	600	600	600	600	-	0	1	demon	0
10940	92	92	120	0	1	0	50	50	50	20	50	50	50	-	0	0		0
10941	92	92	120	0	1	0	50	50	50	20	50	50	50	-	0	0		0
10953	100	140	450	20	3	0	180	180	180	260	30	30	30	-	0	0		0
10954	100	140	450	20	3	0	180	180	180	260	30	30	30	-	0	0		0
10957	8	8	12	0	1	0	0	0	0	0	0	0	0	-	0	0		0
10958	8	8	12	0	1	0	0	0	0	0	0	0	0	-	0	0		0
10984	3	1	18	0	1	0	0	3	2	-3	2	2	2	-	0	0		0
10985	3	1	18	0	1	0	0	3	2	-3	2	2	2	-	0	0		0
10986	10	1	24	0	1	0	0	3	2	-3	2	2	2	-	0	0		0
10987	3	1	18	0	1	0	0	3	2	-3	2	2	2	-	0	0		0
10988	3	1	20	0	1	0	0	10	10	-3	5	5	5	-	0	0		0
10989	50	40	80	0	1	0	15	20	15	0	10	10	10	-	0	0		0
11053	1	1	7	0	1	0	-21	-21	-21	-21	-21	-21	-21	-	0	0		0
11054	1	1	7	0	1	0	-21	-21	-21	-21	-21	-21	-21	-	0	0		0
11057	1	1	7	0	1	0	-21	-21	-21	-21	-21	-21	-21	-	0	0		0
11058	1	1	7	0	1	0	-21	-21	-21	-21	-21	-21	-21	-	0	0		0
11063	17	1	27	0	1	0	4	8	5	1	4	4	4	-	0	0		0
11066	3	1	8	0	1	0	0	0	0	0	0	0	0	fire	20	0		0
11067	4	1	12	0	2	0	0	0	0	0	0	0	0	fire	20	0		0
11068	18	1	25	0	2	0	0	0	0	0	0	0	0	-	0	0		0
11069	20	1	30	0	2	0	0	0	0	0	0	0	0	-	0	0		0
11071	14	1	22	0	1	0	24	14	19	4	16	16	16	-	0	0		0
11072	14	1	22	0	1	0	24	14	19	4	16	16	16	-	0	0		0
11073	61	1	86	0	1	0	16	16	18	-12	27	27	27	-	0	0		0
11088	50	60	80	10	1	0	8	8	8	4	0	0	0	-	0	0		0
11092	14	1	22	0	1	0	24	14	19	4	16	16	16	-	0	0		0
11093	61	1	86	0	1	0	16	16	18	-12	27	27	27	-	0	0		0
11109	40	20	80	0	1	0	10	20	40	0	0	0	0	-	0	1		0
11110	30	15	70	0	1	0	10	20	40	0	0	0	0	-	0	1		0
11111	20	10	50	0	1	0	10	20	40	0	0	0	0	-	0	1		0
11175	60	60	60	0	1	0	60	30	20	20	20	20	20	fire	50	1		0
11176	70	80	100	0	2	0	60	30	20	20	20	20	20	fire	50	1		0
11192	120	126	360	150	3	0	60	20	60	80	80	80	80	-	0	0		0
11193	0	1	10	0	1	0	0	0	0	0	0	0	0	-	0	0		0
11227	5	1	25	0	2	0	0	0	0	0	0	0	0	-	0	0		0
11238	40	1	105	0	1	0	0	0	0	0	0	0	0	air	35	1		0
11239	135	1	150	0	1	0	20	20	20	0	20	20	20	-	0	1	demon	0
11240	85	1	205	0	1	0	50	50	50	0	50	50	50	-	0	1	demon	0
11241	120	45	75	0	1	0	0	0	0	0	0	0	0	earth	35	1		0
11242	120	45	75	0	1	0	0	0	0	0	0	0	0	earth	35	1		0
11243	120	45	75	0	1	0	0	0	0	0	0	0	0	earth	35	1		0
11244	120	45	75	0	1	0	0	0	0	0	0	0	0	earth	35	1		0
11245	120	45	75	0	1	0	0	0	0	0	0	0	0	earth	35	1		0
11246	90	130	1250	60	5	0	201	206	188	101	231	231	231	-	0	1	undead,spectral	0
11268	10	10	30	0	1	0	10	10	5	5	20	20	20	-	0	1		0
11269	15	15	50	0	1	0	10	10	5	5	20	20	20	-	0	1		0
11270	30	30	80	0	1	0	10	10	5	5	20	20	20	-	0	1		0
11271	50	50	120	34	1	0	10	10	5	5	20	20	20	-	0	1		0
11272	70	70	160	36	1	0	10	10	5	5	20	20	20	-	0	1		0
11273	90	90	200	38	1	0	10	10	5	5	20	20	20	-	0	1		0
11278	260	230	3400	100	3	0	40	140	60	300	190	190	150	-	0	0		0
11283	200	200	500	0	1	-2	25	100	100	150	50	50	50	-	0	0		0
11284	200	200	500	0	1	-2	100	100	100	150	25	25	25	-	0	0		0
11285	200	200	500	0	1	-2	100	25	100	150	50	50	50	-	0	0		0
11286	200	200	500	0	1	-2	100	100	25	150	50	50	50	-	0	0		0
11290	100	50	100	0	1	0	100	100	80	0	250	250	250	fire	200	1	spectral	0
11291	100	100	110	0	1	0	20	0	20	300	50	50	50	fire	200	1	spectral	0
11292	100	200	125	52	1	0	420	400	420	200	0	0	0	fire	200	1	spectral	0
11293	100	190	125	0	2	0	20	80	120	300	55	55	55	-	0	0	demon	0
11294	100	190	150	0	2	0	20	80	120	300	55	55	55	-	0	0	demon	0
11462	70	150	50	46	0	0	5	30	30	280	180	180	180	-	0	0		0
11463	102	1	35	0	2	0	0	0	0	0	0	0	0	-	0	1	demon	0
11482	160	160	600	28	1	0	120	160	160	340	5	5	5	fire	35	0	kalphite	0
11484	2	1	5	0	1	0	-100	-100	-100	-100	-100	-100	-100	-	0	0		0
11485	10	1	20	0	1	0	0	0	0	0	0	0	0	-	0	0		0
11492	140	150	480	46	1	0	5	30	30	280	180	180	180	-	0	0		0
11508	60	100	120	30	1	0	0	20	20	30	0	0	0	fire	50	1	kalphite	0
11529	150	150	180	0	1	0	10	30	30	0	50	50	50	-	0	0		0
11581	54	1	62	0	2	0	20	12	22	10	20	20	20	earth	40	1		0
11582	54	1	62	0	2	0	20	12	22	10	20	20	20	earth	40	1		0
11584	1	1	27	0	1	0	0	0	0	0	0	0	0	fire	40	0		0
11586	1	1	10	0	1	0	0	0	0	0	0	0	0	-	0	0		0
11697	28	1	12	0	1	0	0	0	0	0	0	0	0	fire	40	0		0
11705	100	30	30	0	2	0	150	350	350	5	150	150	150	earth	40	0		0
11709	12	40	25	20	1	0	900	900	900	-60	900	900	900	-	0	0		0
11710	12	40	30	20	1	0	-50	-50	-50	900	900	900	900	-	0	0		0
11711	12	40	20	20	1	0	900	900	900	900	-50	-50	-50	-	0	0		0
11712	20	60	30	25	1	0	900	900	900	-60	900	900	900	-	0	0		0
11713	20	60	35	25	1	0	-50	-50	-50	900	900	900	900	-	0	0		0
11714	20	60	25	25	1	0	900	900	900	900	-50	-50	-50	-	0	0		0
11715	20	60	40	25	1	0	900	900	900	900	-50	-50	-50	-	0	0		0
11716	20	60	8	25	1	0	900	900	900	-60	-50	-50	-50	-	0	0		0
11717	20	60	20	25	1	0	900	900	900	-60	-50	-50	-50	-	0	0		0
11718	12	40	2	20	1	0	0	0	0	0	0	0	0	-	0	0		0
11719	80	125	150	125	5	0	60	300	100	200	300	300	300	fire	40	0	kalphite	0
11721	80	125	80	125	5	0	60	300	100	200	300	300	300	fire	35	0	kalphite	0
11723	0	1	10	0	1	0	-100	-100	-100	-100	-100	-100	-100	fire	40	0		0
11724	80	100	40	250	3	0	15	250	30	-15	250	250	250	fire	50	0	kalphite	0
11725	80	100	40	250	3	0	15	250	30	250	125	125	125	fire	50	0	kalphite	0
11726	80	100	40	250	3	0	15	250	30	75	50	50	50	fire	50	0	kalphite	0
11727	5	30	30	150	1	0	0	0	0	0	0	0	0	-	0	0	kalphite	0
11728	0	1	35	0	1	0	-100	-100	-100	-100	-100	-100	-100	-	0	0		0
11729	0	1	35	0	1	0	-100	-100	-100	-100	-100	-100	-100	-	0	0		0
11730	70	100	580	215	9	0	160	160	260	200	110	110	110	-	0	0		0
11732	70	100	580	215	9	0	160	160	260	200	110	110	110	-	0	0		0
11751	100	100	260	0	3	0	70	70	70	50	60	20	60	-	0	0		0
11753	100	190	140	225	5	0	70	70	70	-30	70	70	70	earth	50	0		0
11755	100	190	4500	225	5	0	70	70	70	-30	70	70	70	earth	50	0		0
11756	100	190	140	225	5	0	70	70	70	-30	70	70	70	earth	50	0		0
11758	100	190	4500	225	5	0	70	70	70	-30	70	70	70	earth	50	0		0
11761	150	150	880	230	5	0	40	40	20	20	20	20	20	earth	50	0		1
11762	150	150	880	230	5	0	40	40	20	20	20	20	20	earth	50	0		1
11763	150	150	880	230	5	0	40	40	20	20	20	20	20	earth	50	0		0
11764	150	150	880	230	5	0	40	40	20	20	20	20	20	earth	50	0		0
11778	80	100	380	0	5	0	80	160	240	280	200	200	120	-	0	0		0
11781	50	50	10	0	1	0	10	50	50	50	50	50	50	-	0	0		0
11789	80	100	400	115	3	0	60	120	120	10	60	60	60	-	0	0		0
11797	30	100	70	115	3	0	60	120	120	10	60	60	60	air	60	0		0
11892	21	1	52	0	1	0	83	76	70	-11	74	74	54	-	0	0		0
11901	54	1	57	0	1	0	87	84	76	-10	79	79	79	-	0	0		0
11902	31	1	52	0	1	0	39	40	36	-11	36	36	36	-	0	0		0
11911	14	1	22	0	1	0	24	30	25	-9	25	25	25	-	0	0		0
11912	14	1	22	0	1	0	24	30	25	-9	25	25	25	-	0	0		0
11913	14	1	22	0	1	0	24	30	25	-9	25	25	25	-	0	0		0
11914	14	1	22	0	1	0	24	30	25	-9	25	25	25	-	0	0		0
11915	14	1	22	0	1	0	24	30	25	-9	25	25	25	-	0	0		0
11916	14	1	22	0	1	0	24	30	25	-9	25	25	25	-	0	0		0
11917	14	1	22	0	1	0	24	30	25	-9	25	25	25	-	0	0		0
11918	8	1	12	0	1	0	0	0	0	0	0	0	0	-	0	0		0
11919	8	1	12	0	1	0	0	0	0	0	0	0	0	-	0	0		0
11920	8	1	12	0	1	0	0	0	0	0	0	0	0	-	0	0		0
11921	8	1	12	0	1	0	0	0	0	0	0	0	0	-	0	0		0
11922	14	1	22	0	1	0	18	25	19	-4	20	20	20	-	0	0		0
11923	14	1	22	0	1	0	18	25	19	-4	20	20	20	-	0	0		0
11924	14	1	22	0	1	0	18	25	19	-4	20	20	20	-	0	0		0
11925	22	1	20	6	1	0	40	41	37	-10	38	38	38	-	0	0		0
11926	22	1	20	6	1	0	40	41	37	-10	38	38	38	-	0	0		0
11927	22	1	20	6	1	0	40	41	37	-10	38	38	38	-	0	0		0
11928	22	1	20	6	1	0	40	41	37	-10	38	38	38	-	0	0		0
11929	22	1	20	6	1	0	40	41	37	-10	38	38	38	-	0	0		0
11930	54	1	57	0	1	0	87	84	76	-10	79	79	79	-	0	0		0
11931	54	1	57	0	1	0	87	84	76	-10	79	79	79	-	0	0		0
11932	54	1	57	0	1	0	87	84	76	-10	79	79	79	-	0	0		0
11933	54	1	57	0	1	0	87	84	76	-10	79	79	79	-	0	0		0
11934	54	1	82	0	1	0	87	84	76	-10	79	79	79	-	0	0		0
11935	54	1	82	0	1	0	87	84	76	-10	79	79	79	-	0	0		0
11936	31	1	52	0	1	0	39	40	36	-11	36	36	36	-	0	0		0
11937	13	1	22	0	1	0	24	14	19	4	16	16	16	-	0	0		0
11938	13	1	22	0	1	0	24	14	19	4	16	16	16	-	0	0		0
11939	13	1	22	0	1	0	24	14	19	4	16	16	16	-	0	0		0
11942	14	1	22	0	1	0	18	25	19	-4	20	20	20	-	0	0		0
11943	14	1	22	0	1	0	18	25	19	-4	20	20	20	-	0	0		0
11944	14	1	22	0	1	0	18	25	19	-4	20	20	20	-	0	0		0
11945	16	1	22	0	1	0	13	17	14	-4	15	15	15	-	0	0		0
11946	16	1	22	0	1	0	5	5	5	-4	5	5	5	-	0	0		0
11947	16	1	22	0	1	0	5	5	5	-4	5	5	5	-	0	0		0
11949	25	1	52	0	1	0	83	76	70	-11	74	74	54	-	0	0		0
11950	27	1	52	0	1	0	83	76	70	-11	74	74	54	-	0	0		0
11951	27	1	55	0	1	0	83	76	70	-11	85	85	65	-	0	0		0
11952	25	1	42	0	1	0	73	76	70	-11	72	72	72	-	0	1		0
11953	25	1	42	0	1	0	73	76	70	-11	72	72	72	-	0	1		0
11954	26	1	39	0	1	0	4	6	6	0	0	0	0	-	0	0		0
11955	26	1	39	0	1	0	4	6	6	0	0	0	0	-	0	0		0
11956	26	1	39	0	1	0	4	6	6	0	0	0	0	-	0	0		0
11989	72	1	75	0	0	0	0	0	0	0	0	0	0	fire	20	1		0
11990	35	1	73	0	0	0	20	17	10	14	14	14	14	fire	40	1		0
11992	150	90	450	0	3	0	125	110	110	0	40	40	40	-	0	1		0
11993	225	178	150	0	3	0	130	128	-10	198	211	211	211	-	0	1	undead	0
11994	225	178	150	0	3	0	130	128	-10	198	211	211	211	-	0	1	undead	0
11998	225	235	515	0	4	0	70	70	10	205	103	103	103	fire	25	1		0
12000	1	10	5	0	1	0	0	0	0	0	0	0	0	-	0	0		0
12001	1	10	5	0	1	0	0	0	0	0	0	0	0	-	0	0		0
12019	20	1	25	0	1	0	35	29	21	0	0	0	0	-	0	0		0
12020	20	1	25	0	1	0	35	29	21	0	0	0	0	-	0	0		0
12047	120	80	160	0	1	0	70	60	40	0	40	40	40	-	0	0		0
12062	140	140	400	0	1	0	60	30	80	200	50	50	50	-	0	0		0
12063	200	150	550	90	5	0	110	90	80	-10	160	160	160	-	0	0		0
12073	200	150	550	90	5	0	110	90	80	280	0	0	0	-	0	0		0
12075	200	180	75	90	5	0	110	90	80	280	0	0	0	-	0	0		0
12076	200	179	550	90	5	0	110	90	80	280	0	0	0	-	0	0		0
12077	200	150	850	280	5	0	185	134	120	437	56	56	56	air	65	1	spectral	0
12078	200	150	850	280	5	0	185	134	120	34	261	261	261	air	65	1	spectral	0
12079	200	180	75	280	5	0	185	134	120	437	56	56	56	air	65	1	spectral	0
12080	200	179	850	280	5	0	185	134	120	437	56	56	56	air	65	1	spectral	0
12082	200	150	850	280	5	0	185	134	120	437	56	56	56	air	65	1	spectral	0
12107	95	1	30	0	0	0	76	73	10	126	155	155	155	earth	30	1	undead	0
12108	110	1	30	0	0	0	95	101	15	156	184	184	184	earth	40	1	undead	0
12191	316	465	1697	150	7	0	255	65	190	440	320	320	320	-	0	0	demon	1
12195	215	230	330	150	7	0	210	30	160	400	300	300	300	-	0	1	demon	0
12204	300	225	2700	190	3	0	180	300	220	10	300	300	300	earth	60	0		1
12206	200	130	660	180	3	0	180	300	220	10	300	300	300	earth	60	1		0
12214	287	280	2700	160	7	0	260	190	230	280	50	50	25	-	0	0		1
12215	200	130	720	130	7	0	200	150	180	220	50	50	25	-	0	1		0
12223	0	215	1400	0	2	0	215	65	85	580	580	580	580	fire	35	0		1
12224	0	180	500	0	2	0	150	25	50	560	560	560	560	fire	35	1		0
12248	100	100	100	0	2	0	0	0	0	0	0	0	0	-	0	0		0
12254	150	1	25	0	1	0	0	0	0	0	0	0	0	air	50	0		0
12262	90	90	240	0	1	0	30	30	30	250	50	50	50	-	0	0		0
12268	30	50	40	0	1	0	30	20	30	10	0	0	0	fire	50	0		0
12269	30	50	40	0	1	0	30	20	30	10	0	0	0	fire	50	0		0
12270	30	50	40	0	1	0	30	20	30	10	0	0	0	fire	50	0		0
12271	30	50	40	0	1	0	30	20	30	10	0	0	0	fire	50	0		0
12272	30	50	50	0	1	0	30	20	30	10	0	0	0	fire	50	0		0
12273	30	50	50	0	1	0	30	20	30	10	0	0	0	fire	50	0		0
12274	30	50	50	0	1	0	30	20	30	10	0	0	0	fire	50	0		0
12288	40	60	100	0	3	0	30	20	30	10	0	0	0	-	0	0		0
12289	40	60	40	0	1	0	30	20	30	10	0	0	0	-	0	0		0
12290	40	60	50	0	2	0	30	20	30	10	0	0	0	-	0	0		0
12300	120	120	450	80	1	0	20	40	60	30	20	20	20	-	0	0		0
12328	140	140	200	0	1	0	60	30	80	200	50	50	50	air	15	0	spectral	0
12329	130	130	200	0	1	0	60	30	80	200	70	70	70	-	0	0	spectral	0
12330	130	130	1	0	1	0	60	30	80	200	70	70	70	-	0	0	spectral	0
12331	120	120	200	0	1	0	30	30	30	250	50	50	50	-	0	0	spectral	0
12333	130	250	200	40	1	0	70	70	70	200	20	20	20	-	0	0	spectral	0
12334	1	1	30	0	1	0	0	0	0	0	0	0	0	-	0	0		0
12335	1	1	5	0	1	0	0	0	0	0	0	0	0	-	0	0		0
12336	100	100	100	0	3	0	50	40	20	10	50	50	50	-	0	0	golem	0
12353	250	250	1500	30	2	0	200	200	200	300	150	150	150	-	0	0		1
12360	110	110	100	100	2	0	0	0	0	0	0	0	0	water	40	0	demon	0
12361	110	110	80	100	2	0	0	0	0	0	0	0	0	water	40	0	demon	0
12362	110	110	100	100	2	0	0	0	0	0	0	0	0	water	40	0	demon	0
12363	110	110	80	100	2	0	0	0	0	0	0	0	0	water	40	0	demon	0
12364	110	110	100	100	2	0	0	0	0	0	0	0	0	water	40	0	demon	0
12365	110	110	80	100	2	0	0	0	0	0	0	0	0	water	40	0	demon	0
12366	1	1	30	0	1	0	0	0	0	0	0	0	0	-	0	0		0
12369	1	1	20	0	1	0	0	0	0	0	0	0	0	-	0	0		0
12370	1	1	20	0	1	0	0	0	0	0	0	0	0	-	0	0		0
12372	1	1	50	0	1	0	0	0	0	0	0	0	0	-	0	0		0
12373	40	1	180	0	3	0	0	0	0	-10	0	0	0	water	40	0	demon	0
12374	50	1	25	0	2	0	0	0	0	0	0	0	0	water	50	0	demon	0
12376	30	1	40	0	1	0	0	0	0	0	0	0	0	water	40	1	demon	0
12377	50	1	25	0	1	0	0	0	0	0	0	0	0	water	10	0	demon	0
12378	90	1	70	0	2	0	0	0	0	0	0	0	0	water	40	0	demon	0
12385	152	1	157	0	3	0	0	0	0	-10	0	0	0	water	40	1	demon	0
12386	152	1	157	0	3	0	0	0	0	-10	0	0	0	water	40	0	demon	0
12387	81	1	87	0	3	0	0	0	0	-10	0	0	0	water	40	1	demon	0
12388	81	1	87	0	3	0	0	0	0	-10	0	0	0	water	40	0	demon	0
12389	71	1	79	0	2	0	0	0	0	-10	0	0	0	water	40	0	demon	0
12390	71	1	79	0	2	0	0	0	0	-10	0	0	0	water	40	0	demon	0
12391	30	1	20	0	1	0	50	50	100	50	10	10	10	-	0	0		0
12392	95	1	120	0	1	0	75	75	10	75	75	75	75	-	0	0		0
12393	1	1	50	0	1	0	50	50	10	50	10	10	10	-	0	0		0
12394	20	1	120	0	1	0	75	75	10	75	75	75	75	-	0	0		0
12452	200	1	3500	0	2	0	-15	-15	-15	-15	-15	-15	-15	-	0	0		1
12464	40	110	320	0	3	-2	50	50	0	0	62	62	62	-	0	1		0
12465	120	90	440	0	4	1	50	50	0	0	60	60	0	earth	25	1		0
12490	78	50	200	0	3	0	50	50	0	0	60	60	20	earth	20	1		0
12491	20	60	150	0	2	0	50	50	0	0	20	62	62	-	0	1		0
12499	60	160	200	0	2	0	50	50	0	0	20	62	62	-	0	1		0
12596	100	100	600	100	3	0	12	12	0	700	700	700	700	water	50	1	fiery	0
12720	68	1	75	0	1	1	20	20	0	0	10	10	10	fire	50	1	undead	0
12725	68	1	75	0	1	1	20	20	0	0	10	10	10	fire	50	1	undead	0
12730	68	1	75	0	1	1	20	20	0	0	10	10	10	fire	50	1	undead	0
12735	68	1	75	0	1	1	20	20	0	0	10	10	10	fire	50	1	undead	0
12810	125	100	125	0	2	0	30	30	30	15	45	45	45	-	0	0		0
12811	90	220	125	50	1	0	30	30	30	15	50	50	50	-	0	0		0
12812	190	250	225	0	3	0	0	0	0	0	12	12	12	-	0	0		0
12813	190	250	225	0	3	0	0	0	0	0	12	12	12	-	0	0		0
12814	80	110	50	150	1	0	0	0	0	75	50	50	50	-	0	0		0
12815	80	110	50	150	1	0	50	50	50	30	0	0	0	-	0	0		0
12816	80	110	48	150	1	0	50	50	50	0	75	75	75	-	0	0		0
12817	190	225	220	0	3	0	15	15	15	20	30	30	30	-	0	0		0
12818	250	300	250	0	3	0	0	0	0	10	25	25	25	-	0	0		0
12819	150	350	125	55	3	0	15	15	15	5	35	35	35	-	0	0		0
12821	200	300	1500	0	5	0	65	5	30	750	825	825	825	-	0	0		0
12825	0	0	1	0	1	0	0	0	0	0	0	0	0	-	0	0		0
12833	1	1	10	0	1	0	0	0	0	0	0	0	0	-	0	0		0
12844	30	1	60	0	2	0	0	0	0	0	0	0	0	fire	50	1		0
12848	26	1	35	0	2	0	0	0	0	0	0	0	0	earth	25	1		0
12849	26	1	35	0	2	0	0	0	0	0	0	0	0	earth	25	1		0
12850	26	1	35	0	2	0	0	0	0	0	0	0	0	earth	25	1		0
12851	1	1	5	0	1	0	-42	-42	-42	-42	-42	-42	-42	fire	20	0		0
12879	40	50	100	0	2	-4	50	50	10	200	200	200	200	-	0	1		0
12916	40	20	100	0	1	0	28	26	10	5	20	20	20	-	0	0		0
12918	30	1	25	0	1	0	20	20	30	10	20	20	20	-	0	0		0
12919	30	1	25	0	1	0	20	20	30	10	20	20	20	-	0	0		0
12920	30	1	25	0	1	0	20	20	30	10	20	20	20	-	0	0		0
12921	30	1	25	0	1	0	20	20	30	10	20	20	20	-	0	0		0
12922	30	1	25	0	1	0	20	20	30	10	20	20	20	-	0	0		0
12923	30	1	25	0	1	0	20	20	30	10	20	20	20	-	0	0		0
12957	1	1	1	0	1	0	0	0	0	0	0	0	0	-	0	0		0
12976	55	1	80	0	2	0	0	0	0	0	0	0	0	fire	10	0		0
12977	25	1	40	0	1	0	0	0	0	0	0	0	0	fire	10	0		0
12978	55	1	80	0	2	0	0	0	0	0	0	0	0	fire	30	0		0
12979	55	1	80	0	2	0	0	0	0	0	0	0	0	none	0	0		0
13002	3	1	6	0	1	0	0	0	0	0	0	0	0	-	0	0		0
13004	1	1	20	0	2	0	-21	-21	-21	-21	-21	-21	-21	-	0	1		0
13006	13	1	19	0	2	0	0	0	0	0	0	0	0	-	0	0		0
13011	60	100	500	0	5	-2	100	0	100	500	500	500	500	air	15	0		0
13012	60	100	500	0	5	4	0	100	100	500	500	500	500	air	15	0		1
13013	60	100	500	0	5	-5	100	100	0	500	500	500	500	air	15	0		0
13021	28	1	100	0	2	0	0	0	0	0	0	0	0	earth	15	0		0
13029	10	25	75	0	2	-2	35	15	50	50	35	35	35	-	0	1		0
13030	39	1	52	0	3	0	14	14	0	14	0	0	0	-	0	1		0
13031	40	60	65	0	2	0	20	50	50	50	20	20	20	earth	50	1	dragon	0
13032	40	60	65	0	2	0	20	50	50	50	20	20	20	earth	50	1	dragon	0
13033	40	50	100	0	2	-4	50	50	10	200	200	200	200	air	15	1	spectral	0
13100	14	1	22	0	1	0	18	25	19	-4	20	20	20	-	0	0		0
13101	14	1	22	0	1	0	18	25	19	-4	20	20	20	-	0	0		0
13102	14	1	22	0	1	0	18	25	19	-4	20	20	20	-	0	0		0
13103	14	1	22	0	1	0	18	25	19	-4	20	20	20	-	0	0		0
13104	14	1	22	0	1	0	18	25	19	-4	20	20	20	-	0	0		0
13105	14	1	22	0	1	0	18	25	19	-4	20	20	20	-	0	0		0
13106	14	1	22	0	1	0	18	25	19	-4	20	20	20	-	0	0		0
13107	14	1	22	0	1	0	18	25	19	-4	20	20	20	-	0	0		0
13108	14	1	22	0	1	0	18	25	19	-4	20	20	20	-	0	0		0
13109	14	1	22	0	1	0	18	25	19	-4	20	20	20	-	0	0		0
13114	31	1	52	0	1	0	39	40	36	-11	36	36	36	-	0	0		0
13115	31	1	52	0	1	0	39	40	36	-11	36	36	36	-	0	0		0
13116	31	1	52	0	1	0	39	40	36	-11	36	36	36	-	0	0		0
13117	31	1	52	0	1	0	39	40	36	-11	36	36	36	-	0	0		0
13118	31	1	52	0	1	0	39	40	36	-11	36	36	36	-	0	0		0
13119	31	1	52	0	1	0	39	40	36	-11	36	36	36	-	0	0		0
13139	1	1	2	0	0	0	-42	-42	-42	-42	-42	-42	-42	-	0	0		0
13282	5	1	8	0	1	0	0	0	0	0	0	0	0	-	0	0		0
13283	17	1	27	0	1	0	4	8	5	1	4	4	4	-	0	0		0
13291	12	1	17	0	1	0	0	0	0	0	0	0	0	-	0	0		0
13292	12	1	17	0	1	0	0	0	0	0	0	0	0	-	0	0		0
13293	12	1	17	0	1	0	0	0	0	0	0	0	0	-	0	0		0
13294	12	1	17	0	1	0	0	0	0	0	0	0	0	-	0	0		0
13295	12	1	17	0	1	0	0	0	0	0	0	0	0	-	0	0		0
13296	12	1	17	0	1	0	0	0	0	0	0	0	0	-	0	0		0
13463	90	70	90	0	1	7	110	130	40	-5	140	135	60	-	0	0		0
13464	90	70	90	0	1	7	110	130	40	-5	140	135	60	-	0	0		0
13465	80	40	80	0	1	0	15	20	10	-10	40	30	15	-	0	0		0
13466	80	40	80	0	1	0	15	20	10	-10	40	30	15	-	0	0		0
13467	80	40	80	0	1	0	5	0	20	60	10	5	15	-	0	0		0
13468	80	40	80	0	1	0	5	0	20	60	10	5	15	-	0	0		0
13469	80	80	80	80	1	0	5	10	15	50	5	0	10	-	0	0		0
13470	80	80	80	80	1	0	5	10	15	50	5	0	10	-	0	0		0
13476	62	1	54	0	1	0	25	20	25	10	30	30	30	earth	35	1	undead	0
13477	62	1	54	0	1	0	25	20	25	10	30	30	30	earth	35	1	undead	0
13478	62	1	54	0	1	0	25	20	25	10	30	30	30	earth	35	1	undead	0
13479	62	1	54	0	1	0	25	20	25	10	30	30	30	earth	35	1	undead	0
13482	160	160	450	85	0	0	30	20	40	0	20	20	20	-	0	0		0
13483	80	1	30	0	1	0	0	0	0	0	0	0	0	-	0	0		0
13484	80	1	30	0	1	0	0	0	0	0	0	0	0	-	0	0		0
13489	20	1	30	0	1	0	0	0	0	0	0	0	0	fire	50	1	undead	0
13490	20	1	35	0	1	0	0	0	0	0	0	0	0	fire	50	1	undead	0
13492	20	1	40	0	1	0	0	0	0	0	0	0	0	fire	50	1	undead	0
13495	24	1	17	0	1	0	9	11	-2	1	4	4	4	earth	35	1	undead	0
13496	24	1	17	0	1	0	9	11	-2	1	4	4	4	earth	35	1	undead	0
13497	24	1	17	0	1	0	9	11	-2	1	4	4	4	earth	35	1	undead	0
13498	24	1	17	0	1	0	9	11	-2	1	4	4	4	earth	35	1	undead	0
13499	24	1	17	0	1	0	9	11	-2	1	4	4	4	earth	35	1	undead	0
13500	24	1	17	0	1	0	9	11	-2	1	4	4	4	earth	35	1	undead	0
13501	24	1	17	0	1	0	9	11	-2	1	4	4	4	earth	35	1	undead	0
13514	70	30	275	0	1	0	10	10	15	30	60	20	30	-	0	0		0
13515	70	30	275	0	1	0	10	10	15	30	60	20	30	-	0	0		0
13528	275	275	750	0	3	0	5	0	-40	-40	5	0	-40	-	0	0		0
13529	275	275	750	0	3	0	5	0	-40	-40	5	0	-40	-	0	0		0
13530	275	275	750	0	3	0	5	0	-40	-40	5	0	-40	-	0	0		0
13531	80	30	85	0	1	0	44	38	30	0	0	0	0	-	0	0		0
13532	80	30	85	0	1	0	44	38	30	0	0	0	0	-	0	0		0
13533	80	30	85	0	1	0	44	38	30	0	0	0	0	-	0	0		0
13534	80	30	85	0	1	0	44	38	30	0	0	0	0	-	0	0		0
13535	110	40	110	0	1	0	110	80	80	10	90	70	30	-	0	0		0
13536	110	40	110	0	1	0	110	80	80	10	90	70	30	-	0	0		0
13537	90	150	150	150	1	0	50	40	60	10	5	10	15	-	0	0		0
13599	150	255	600	300	3	0	75	175	68	5	140	150	90	water	30	1	demon	0
13600	150	255	600	300	3	0	75	175	68	5	140	150	90	water	30	1	demon	0
13601	150	255	600	300	3	0	75	175	68	5	140	150	90	water	30	1	demon	0
13602	150	255	600	300	3	0	75	175	68	5	140	150	90	water	30	1	demon	0
13663	30	175	3500	100	1	0	25	25	25	150	10	10	10	-	0	0		1
13664	100	15	3500	100	1	0	100	100	100	200	100	100	100	-	0	0		1
13668	135	190	1020	260	7	0	160	75	15	237	218	218	218	fire	50	1		0
13671	50	1	58	0	2	0	25	25	25	-10	25	25	25	fire	50	1		0
13673	50	1	58	0	2	0	25	25	25	-10	25	25	25	fire	50	1		0
13675	50	1	58	0	2	0	25	25	25	-10	25	25	25	fire	50	1		0
13680	100	100	350	0	3	0	60	30	0	10	100	100	100	fire	50	1		0
13685	80	170	520	160	3	-2	100	100	40	100	200	200	200	fire	30	1	spectral	0
13686	60	140	400	140	3	-2	100	100	40	100	200	200	200	fire	30	1	spectral	0
13728	40	90	120	70	1	-4	0	50	10	60	200	200	200	fire	50	1	spectral	0
13732	30	1	25	0	1	0	20	20	30	10	20	20	20	-	0	0		0
13738	60	20	50	0	1	0	25	25	40	15	25	25	25	-	0	0		0
13739	60	20	50	0	1	0	25	25	40	15	25	25	25	-	0	0		0
13740	60	20	50	0	1	0	25	25	40	15	25	25	25	-	0	0		0
13741	60	20	50	0	1	0	25	25	40	15	25	25	25	-	0	0		0
13742	60	20	50	0	1	0	25	25	40	15	25	25	25	-	0	0		0
13743	60	20	50	0	1	0	25	25	40	15	25	25	25	-	0	0		0
13744	90	40	80	0	1	0	30	30	50	20	30	30	30	-	0	0		0
13745	90	40	80	0	1	0	30	30	50	20	30	30	30	-	0	0		0
13746	90	40	80	0	1	0	30	30	50	20	30	30	30	-	0	0		0
13747	90	40	80	0	1	0	30	30	50	20	30	30	30	-	0	0		0
13748	90	40	80	0	1	0	30	30	50	20	30	30	30	-	0	0		0
13749	90	40	80	0	1	0	30	30	50	20	30	30	30	-	0	0		0
13750	90	40	80	0	1	0	30	30	50	20	30	30	30	-	0	0		0
13751	90	40	80	0	1	0	30	30	50	20	30	30	30	-	0	0		0
13773	70	15	35	0	1	0	30	30	20	5	30	30	30	-	0	0		0
13775	70	15	55	0	1	0	30	30	20	5	30	30	30	-	0	0		0
13777	70	70	40	0	1	0	15	15	10	15	5	5	5	-	0	0		0
13778	70	70	40	0	1	0	15	15	10	15	5	5	5	-	0	0		0
13784	75	55	250	0	1	0	30	30	20	10	30	30	30	-	0	0		0
13789	1	1	60	0	1	0	0	0	0	-50	0	0	0	fire	100	1		0
13790	1	1	60	0	1	0	0	0	0	-50	0	0	0	fire	100	1		0
13795	198	198	245	0	4	0	0	70	70	60	50	50	10	fire	50	1	dragon,fiery	0
13796	40	1	70	0	2	0	0	3	2	0	0	0	0	fire	100	1		0
13797	40	1	70	0	2	0	0	3	2	0	0	0	0	fire	100	1		0
13798	43	1	65	0	1	0	20	17	12	13	13	13	13	fire	100	1		0
13799	70	95	140	0	1	0	0	0	0	0	0	0	0	fire	50	1		0
13800	18	1	22	0	2	0	10	10	5	5	10	10	10	fire	50	1		0
13801	18	1	22	0	2	0	10	10	5	5	10	10	10	fire	50	1		0
13802	47	1	59	0	1	0	30	40	20	10	30	30	30	fire	100	1		0
13812	80	40	100	0	3	0	0	0	0	0	0	0	0	none	0	1		0
13813	70	1	10	0	2	0	0	0	0	0	0	0	0	-	0	1		0
13814	100	100	240	300	2	0	30	20	50	80	140	140	140	-	0	0		0
13824	10	5	60	0	1	0	0	0	0	0	0	0	0	-	0	0		0
13968	2	1	5	0	1	0	0	0	0	0	0	0	0	fire	20	0		0
13986	14	1	22	0	1	0	18	25	19	-4	20	20	20	-	0	0		0
13987	14	1	22	0	1	0	18	25	19	-4	20	20	20	-	0	0		0
13988	14	1	22	0	1	0	18	25	19	-4	20	20	20	-	0	0		0
13989	14	1	22	0	1	0	18	25	19	-4	20	20	20	-	0	0		0
13990	14	1	22	0	1	0	18	25	19	-4	20	20	20	-	0	0		0
13991	14	1	22	0	1	0	18	25	19	-4	20	20	20	-	0	0		0
13992	14	1	22	0	1	0	18	25	19	-4	20	20	20	-	0	0		0
13993	14	1	22	0	1	0	18	25	19	-4	20	20	20	-	0	0		0
13994	14	1	22	0	1	0	18	25	19	-4	20	20	20	-	0	0		0
13995	14	1	22	0	1	0	18	25	19	-4	20	20	20	-	0	0		0
14009	125	50	2500	200	7	0	100	100	0	200	350	350	350	earth	60	0	dragon	0
14011	125	50	2500	200	7	0	100	100	0	200	350	350	350	earth	60	0	dragon	0
14014	125	50	300	200	5	0	100	100	0	200	350	350	350	earth	60	0	dragon	0
14015	125	50	300	200	5	0	100	100	0	200	350	350	350	earth	60	0	dragon	0
14017	125	50	250	200	1	0	100	100	0	200	350	350	350	earth	60	0	dragon	0
14031	55	1	60	0	3	0	41	43	23	24	40	20	40	fire	50	1		0
14103	95	1	105	0	4	0	0	70	70	60	50	50	15	fire	50	1	dragon,fiery	0
14104	95	1	105	0	4	0	0	70	70	60	50	50	15	fire	50	1	dragon,fiery	0
14105	40	1	50	0	2	0	0	50	50	40	30	30	5	fire	50	1	dragon	0
14106	40	1	50	0	2	0	0	50	50	40	30	30	5	fire	50	1	dragon	0
14113	68	1	95	0	1	2	20	20	0	0	10	10	10	fire	50	1	undead	0
14114	68	1	95	0	1	2	20	20	0	0	10	10	10	fire	50	1	undead	0
14115	68	1	95	0	1	2	20	20	0	0	10	10	10	fire	50	1	undead	0
14116	68	1	95	0	1	2	20	20	0	0	10	10	10	fire	50	1	undead	0
14117	68	1	95	0	1	2	20	20	0	0	10	10	10	fire	50	1	undead	0
14118	68	1	95	0	1	2	20	20	0	0	10	10	10	fire	50	1	undead	0
14119	68	1	95	0	1	2	20	20	0	0	10	10	10	fire	50	1	undead	0
14120	68	1	95	0	1	2	20	20	0	0	10	10	10	fire	50	1	undead	0
14121	68	1	95	0	1	2	20	20	0	0	10	10	10	fire	50	1	undead	0
14122	68	1	95	0	1	2	20	20	0	0	10	10	10	fire	50	1	undead	0
14125	100	170	150	0	2	0	180	200	20	40	0	0	0	-	0	0	golem	0
14126	55	1	40	0	1	0	0	0	0	0	0	0	0	fire	50	1	kalphite	0
14132	150	150	600	0	1	0	80	80	40	160	80	80	80	-	0	0	undead	0
14135	10	1	10	0	1	0	5	5	5	-50	-100	-100	-100	fire	50	0	undead	0
14136	10	1	10	0	1	0	5	5	5	-50	-100	-100	-100	fire	50	0	undead	0
14137	21	1	20	0	1	0	21	23	21	-6	20	20	20	-	0	0		0
14147	100	100	600	100	3	0	12	12	0	700	700	700	700	fire	50	1		0
14150	20	20	40	0	1	0	0	0	0	0	0	0	0	water	100	0		0
14151	30	30	40	0	1	0	0	0	0	0	0	0	0	fire	100	0		0
14176	225	250	2500	100	5	0	100	80	333	0	333	220	333	water	50	0	demon	1
14179	100	200	140	0	2	0	0	0	0	0	0	0	0	-	0	0	demon	0
14180	150	250	400	0	3	0	0	0	0	0	0	0	0	water	15	0	demon	0
14268	100	80	126	0	1	0	70	80	50	180	100	100	100	-	0	0		0
14313	160	180	600	110	1	0	60	80	70	100	20	20	10	earth	30	0		0
14318	160	180	600	110	1	0	60	80	70	100	20	20	10	earth	30	0		0
14331	75	75	380	0	1	0	70	60	50	100	80	80	80	-	0	0		0
14362	70	60	180	0	1	0	70	80	80	120	120	120	120	-	0	0		0
14363	70	200	180	120	1	0	90	120	120	200	80	80	60	-	0	0		0
14407	70	15	40	0	1	0	10	10	5	20	15	15	15	-	0	0		0
14420	40	40	160	0	2	-4	30	50	50	60	150	150	150	air	15	1	spectral	1
14421	40	40	160	0	2	-4	50	70	10	60	150	150	150	air	15	1	spectral	0
14426	24	1	30	0	1	0	5	5	-5	0	5	5	5	air	35	0	undead	0
14427	24	1	30	0	1	0	5	5	-5	0	5	5	5	air	35	0	undead	0
14428	24	1	30	0	1	0	5	5	-5	0	5	5	5	air	35	0	undead	0
14510	10	1	30	0	1	0	0	0	0	0	0	0	0	-	0	1		0
14511	90	1	100	0	3	0	10	70	70	60	50	50	15	water	50	0	dragon,fiery	0
14512	75	1	85	0	2	0	0	0	0	0	0	0	0	fire	30	0		0
14520	80	80	330	45	2	0	50	-30	80	0	-10	5	60	fire	30	1		0
14545	30	1	40	0	2	0	0	0	0	0	0	0	0	fire	10	0		0
14546	30	1	40	0	2	0	0	0	0	0	0	0	0	fire	10	0		0
14547	30	1	40	0	2	0	0	0	0	0	0	0	0	fire	10	0		0
14663	14	1	22	0	1	0	18	25	19	-4	20	20	20	-	0	0		0
14664	14	1	22	0	1	0	18	25	19	-4	20	20	20	-	0	0		0
14665	14	1	22	0	1	0	18	25	19	-4	20	20	20	-	0	0		0
14666	14	1	22	0	1	0	18	25	19	-4	20	20	20	-	0	0		0
14667	14	1	22	0	1	0	18	25	19	-4	20	20	20	-	0	0		0
14668	14	1	22	0	1	0	18	25	19	-4	20	20	20	-	0	0		0
14669	14	1	22	0	1	0	18	25	19	-4	20	20	20	-	0	0		0
14670	14	1	22	0	1	0	18	25	19	-4	20	20	20	-	0	0		0
14702	45	25	135	5	1	0	30	-10	50	35	-10	5	30	fire	30	1		0
14703	45	40	190	15	1	0	30	-10	50	35	-10	5	30	fire	30	1		0
14704	45	75	250	25	1	0	30	-10	50	35	30	5	-10	fire	30	1		0
14706	45	25	100	5	1	0	30	-10	50	35	-10	5	30	fire	30	1		0
14707	90	275	625	125	5	0	300	300	60	160	160	160	160	-	0	0	demon	1
14716	14	1	22	0	1	0	18	25	19	-4	20	20	20	-	0	0		0
14717	14	1	22	0	1	0	18	25	19	-4	20	20	20	-	0	0		0
14718	14	1	22	0	1	0	18	25	19	-4	20	20	20	-	0	0		0
14719	14	1	22	0	1	0	18	25	19	-4	20	20	20	-	0	0		0
14720	14	1	22	0	1	0	18	25	19	-4	20	20	20	-	0	0		0
14721	14	1	22	0	1	0	18	25	19	-4	20	20	20	-	0	0		0
14722	14	1	22	0	1	0	18	25	19	-4	20	20	20	-	0	0		0
14723	14	1	22	0	1	0	18	25	19	-4	20	20	20	-	0	0		0
14779	1	1	50000	0	5	0	0	0	0	0	0	0	0	-	0	0		0
14852	1	1	75	0	1	0	0	0	-50	0	0	0	0	-	0	0		0
14853	1	1	75	0	1	0	0	0	-50	0	0	0	0	-	0	0		0
14857	50	50	110	0	2	0	10	20	40	100	60	60	60	air	50	1		0
14859	100	60	280	0	3	0	10	20	40	150	60	60	60	air	50	1		0
14860	120	100	400	0	4	0	10	20	40	100	60	60	60	air	50	1		0
14887	14	0	22	0	1	0	18	25	19	-4	0	0	0	-	0	0		0
14888	14	0	22	0	1	0	18	25	19	-4	0	0	0	-	0	0		0
14889	14	0	22	0	1	0	18	25	19	-4	0	0	0	-	0	0		0
14890	14	0	22	0	1	0	18	25	19	-4	0	0	0	-	0	0		0
14916	3	1	6	0	1	0	0	0	0	0	0	0	0	-	0	0		0
14920	1	1	7	0	1	0	-21	-21	-21	-21	-21	-21	-21	-	0	0		0
14921	1	1	7	0	1	0	-21	-21	-21	-21	-21	-21	-21	-	0	0		0
14922	150	150	230	0	4	0	25	90	15	50	70	50	30	fire	100	1	dragon,fiery	0
14933	35	10	38	0	1	0	10	20	10	0	0	0	0	-	0	0		0
14934	35	10	38	0	1	0	10	20	10	0	0	0	0	-	0	0		0
14935	35	10	38	0	1	0	10	20	10	0	0	0	0	-	0	0		0
14936	35	10	38	0	1	0	10	20	10	0	0	0	0	-	0	0		0
14937	35	10	38	0	1	0	10	20	10	0	0	0	0	-	0	0		0
14940	1	1	2	0	1	0	-53	-53	-53	-53	-53	-53	-53	fire	25	1		0
15009	50	50	110	0	2	0	10	20	40	100	60	60	60	air	50	1		0
15010	120	100	400	0	4	0	10	20	40	100	60	60	60	air	50	0		0
15021	35	10	38	0	1	0	10	20	10	0	0	0	0	-	0	0		0
15022	35	10	38	0	1	0	10	20	10	0	0	0	0	-	0	0		0
15023	35	10	38	0	1	0	10	20	10	0	0	0	0	-	0	0		0
15024	35	10	38	0	1	0	10	20	10	0	0	0	0	-	0	0		0
15025	56	45	180	0	1	0	20	40	20	10	20	20	20	fire	50	0		1
15034	60	20	100	0	3	0	20	50	30	10	60	60	60	-	0	0		0
15163	1	185	1	80	1	0	-40	-40	-40	-40	-40	-40	-40	-	0	0		0
15164	9	1	25	0	1	0	0	0	0	0	0	0	0	-	0	1		0
15165	90	1	90	0	1	0	0	0	0	0	0	0	0	fire	50	1		0
15166	81	1	120	0	1	0	150	150	150	50	50	50	50	earth	35	1		0
15167	99	0	120	0	3	0	25	25	40	200	200	200	200	earth	40	1		0
15168	135	1	130	0	1	0	35	60	35	0	0	0	0	fire	100	1		0
15169	90	0	110	0	1	0	0	0	0	200	200	120	200	earth	20	1		0
15170	50	40	75	0	1	0	80	80	50	30	80	80	80	-	0	0		0
15171	40	0	140	0	1	0	0	0	0	0	0	0	0	earth	0	1		0
15175	155	205	315	0	5	0	0	0	0	-63	100	50	100	earth	50	0		0
15194	20	1	81	0	3	0	0	0	0	0	100	20	40	-	0	0		0
15196	50	1	125	0	3	0	0	0	0	0	100	20	40	-	0	0		0
15198	60	1	174	0	3	0	0	0	0	0	100	20	40	-	0	0		0
15200	70	0	243	0	4	0	0	0	0	15	100	20	40	-	0	0		0
15202	50	1	187	0	5	0	0	0	0	20	65	65	40	-	0	0		0
15204	75	1	370	0	4	0	0	0	0	0	150	60	40	-	0	0		0
15206	50	90	150	0	2	0	0	0	0	-63	120	75	60	earth	50	0		0
15208	75	135	177	0	3	0	0	0	0	-63	120	75	60	earth	50	0		0
15210	150	175	231	0	4	0	0	0	0	-63	175	125	125	earth	50	0		0
15212	115	215	311	0	5	0	0	0	0	-63	120	75	60	earth	50	0		0
15214	0	1	55	0	2	0	0	0	0	0	50	50	20	-	0	0		0
15216	15	1	83	0	2	0	0	0	0	0	50	50	20	-	0	0		0
15218	25	1	106	0	2	0	0	0	0	0	50	50	20	-	0	0		0
15220	40	1	194	0	3	0	0	0	0	0	50	50	20	-	0	0		0
15222	40	1	72	0	2	0	0	0	0	0	30	30	10	-	0	0		0
15224	60	1	135	0	2	0	0	0	0	0	20	25	10	-	0	0		0
15226	40	1	79	0	2	0	0	0	0	0	30	30	10	-	0	0		0
15228	0	1	22	0	2	0	0	0	0	0	30	30	10	-	0	0		0
15230	40	1	59	0	2	0	0	0	0	0	0	0	0	-	0	1		0
15234	0	1	45	0	2	0	0	0	0	0	15	15	0	-	0	0		0
15430	10	1	18	0	1	0	10	15	5	0	10	10	10	-	0	0		0
15431	10	1	18	0	1	0	10	15	5	0	10	10	10	-	0	0		0
15432	10	1	18	0	1	0	10	15	5	0	10	10	10	-	0	0		0
15436	22	1	20	0	1	0	24	20	12	5	0	0	0	-	0	0		0
15437	24	1	30	0	1	0	24	20	12	7	0	0	0	-	0	0		0
15438	28	1	30	0	1	0	24	20	12	5	0	0	0	-	0	0		0
15439	28	1	30	0	1	0	24	20	12	5	0	0	0	-	0	0		0
15451	65	60	100	13	1	0	35	11	40	70	0	0	0	-	0	0		0
15455	50	0	50	0	1	0	5	17	0	0	0	0	0	-	0	0		0
15456	10	0	35	0	1	0	5	17	0	0	0	0	0	-	0	0		0
15457	200	1	150	0	1	0	120	140	137	0	0	0	0	-	0	0		0
15458	30	1	45	0	1	0	20	21	1	0	0	0	0	-	0	0		0
15497	70	170	180	50	2	0	60	80	80	140	100	100	100	-	0	1		0
15498	70	170	180	50	2	0	10	80	80	140	100	100	100	-	0	1		0
15499	100	100	160	0	2	0	120	120	120	100	0	0	0	-	0	0		0
15500	50	50	150	0	2	0	30	60	70	40	120	120	120	water	50	1	dragon	0
15501	250	180	220	0	2	0	0	0	0	0	0	0	0	earth	30	1		0
15502	180	330	400	0	3	0	60	80	80	140	100	100	100	-	0	1		0
15503	180	330	400	0	3	0	10	80	80	140	100	100	100	-	0	1		0
15504	110	110	340	0	3	0	60	30	70	40	120	120	120	water	50	1	dragon	0
15547	25	300	3500	0	3	0	25	25	25	255	0	0	0	-	0	0		1
15553	25	100	1500	0	1	0	25	25	25	50	10	10	10	fire	50	0		1
15557	25	250	200	0	3	0	0	0	0	0	0	0	0	water	40	0		0
15558	150	1	35	0	1	0	0	0	0	0	0	0	0	fire	50	0		0
15559	10	50	35	0	1	-3	0	0	0	0	0	0	0	air	40	0	spectral	0
15560	100	1	35	0	1	0	0	0	0	0	0	0	0	fire	50	0		0
15561	100	1	35	0	1	0	0	0	0	0	0	0	0	fire	50	0		0
15562	50	1	35	0	1	0	0	0	0	0	0	0	0	-	0	0		0
15563	100	1	35	0	1	0	0	0	0	0	0	0	0	-	0	0		0
15576	115	100	225	0	5	15	0	0	0	325	325	325	0	-	0	0		0
15626	10	8	58	0	3	0	-7	-7	-7	-3	-7	-7	-7	earth	25	1		0
15628	200	272	750	0	3	0	182	65	216	520	460	418	110	earth	25	0		0
15629	200	272	750	0	3	0	182	65	216	520	460	418	110	earth	25	0		0
15677	65	60	100	13	1	0	35	11	40	70	21	33	40	-	0	0		0
15678	65	60	100	13	1	0	35	11	40	70	21	33	40	-	0	0		0
15679	65	60	100	13	1	0	35	11	40	70	21	33	40	-	0	0		0
15680	65	60	100	13	1	0	35	11	40	70	21	33	40	-	0	0		0
15681	65	60	100	13	1	0	35	11	40	70	21	33	40	-	0	0		0
15682	65	60	100	13	1	0	35	11	40	70	21	33	40	-	0	0		0
15683	75	65	150	13	1	0	35	11	40	70	21	33	40	-	0	0		0
15684	75	65	150	13	1	0	35	11	40	70	21	33	40	-	0	0		0
15742	200	200	1500	200	5	0	172	100	45	150	232	158	43	fire	80	1		1
15743	35	100	30	0	1	0	0	0	0	0	0	0	0	-	0	0		0
15756	30	30	10	0	1	0	10	5	10	5	10	10	10	fire	40	0		0
15757	160	160	90	0	2	0	15	15	10	20	10	10	10	air	40	0		0
15759	30	10	50	0	2	0	0	0	0	0	0	0	0	-	0	0		0
15760	88	1	81	0	1	0	0	20	20	0	0	0	0	-	0	0	vampyre3	0
15765	120	100	345	0	2	0	-5	20	90	100	100	100	100	-	0	1	vampyre3	0
15766	120	100	345	0	2	0	-5	20	90	100	100	100	100	-	0	1	vampyre3	0
15767	120	100	345	0	2	0	-5	20	90	100	100	100	100	-	0	1	vampyre3	0
15768	120	100	345	0	2	0	-5	20	90	100	100	100	100	-	0	1	vampyre3	0
15769	120	100	345	0	2	0	-5	20	90	100	100	100	100	-	0	1	vampyre3	0
15770	120	100	345	0	3	0	-5	60	130	110	-5	-5	-5	-	0	1	vampyre3	0
16204	100	320	3000	300	2	0	0	0	0	0	150	150	150	-	0	0	vampyre3	0
16212	180	250	1100	80	3	0	30	30	30	30	150	150	150	-	0	0	vampyre3	0
16223	30	30	10	0	1	0	10	5	10	5	10	10	10	fire	40	0		0
16225	30	30	10	0	1	0	10	5	10	5	10	10	10	fire	40	0		0
16226	50	50	50	0	1	0	0	0	0	0	0	0	0	air	25	0		0
16230	88	1	81	0	1	0	0	20	20	0	0	0	0	-	0	0	vampyre3	0
16231	88	1	81	0	1	0	0	20	20	0	0	0	0	-	0	0	vampyre3	0
16232	88	1	81	0	1	0	0	20	20	0	0	0	0	-	0	0	vampyre3	0
16233	0	0	200	0	2	0	0	0	0	0	0	0	0	-	0	0		0
16296	40	60	65	0	2	0	20	50	50	50	20	20	20	earth	50	1	dragon	0
16297	40	60	65	0	2	0	20	50	50	50	20	20	20	earth	50	1	dragon	0
16305	175	150	755	280	3	0	60	80	40	185	205	185	165	earth	15	0	golem	0
16309	125	100	565	180	3	0	40	60	20	165	175	155	135	earth	15	0	golem	0
